2025-09-22 00:31:56,"(195, 277, 416, 498)",Fear,0.2261
2025-09-22 00:31:56,"(198, 285, 414, 501)",Fear,0.2261
2025-09-22 00:31:56,"(195, 283, 420, 508)",Angry,0.4408
2025-09-22 00:31:57,"(198, 280, 414, 496)",Fear,0.4594
2025-09-22 00:31:57,"(155, 282, 405, 532)",Fear,0.4093
2025-09-22 00:31:57,"(215, 275, 425, 485)",Angry,0.6322
2025-09-22 00:31:57,"(244, 266, 446, 468)",Happy,0.4772
2025-09-22 00:31:58,"(251, 261, 452, 462)",Angry,0.5282
2025-09-22 00:31:58,"(249, 183, 473, 407)",Happy,0.4444
2025-09-22 00:31:58,"(235, 56, 500, 321)",Fear,0.429
2025-09-22 00:31:58,"(224, 0, 523, 299)",Angry,0.397
2025-09-22 00:31:58,"(210, 4, 499, 293)",Angry,0.397
2025-09-22 00:31:58,"(208, 42, 486, 320)",Fear,0.5859
2025-09-22 00:31:59,"(254, 99, 500, 345)",Angry,0.4271
2025-09-22 00:31:59,"(271, 105, 502, 336)",Surprise,0.5967
2025-09-22 00:31:59,"(283, 122, 511, 350)",Neutral,0.3928
2025-09-22 00:31:59,"(309, 150, 517, 358)",Neutral,0.7844
2025-09-22 00:31:59,"(317, 153, 525, 361)",Happy,0.4488
2025-09-22 00:31:59,"(320, 155, 537, 372)",Happy,0.3037
2025-09-22 00:32:00,"(330, 166, 543, 379)",Happy,0.4082
2025-09-22 00:32:00,"(350, 187, 547, 384)",Sad,0.2966
2025-09-22 00:32:00,"(345, 186, 540, 381)",Sad,0.414
2025-09-22 00:32:00,"(339, 181, 541, 383)",Sad,0.436
2025-09-22 00:32:00,"(316, 177, 520, 381)",Sad,0.3761
2025-09-22 00:32:00,"(311, 186, 514, 389)",Happy,0.7256
2025-09-22 00:32:01,"(301, 179, 518, 396)",Angry,0.8456
2025-09-22 00:32:01,"(291, 176, 512, 397)",Happy,0.8802
2025-09-22 00:32:01,"(287, 176, 506, 395)",Happy,0.8566
2025-09-22 00:32:01,"(287, 174, 503, 390)",Happy,0.7167
2025-09-22 00:32:01,"(287, 174, 503, 390)",Happy,0.5871
2025-09-22 00:32:01,"(285, 172, 504, 391)",Happy,0.6022
2025-09-22 00:32:02,"(284, 164, 507, 387)",Happy,0.8791
2025-09-22 00:32:02,"(298, 170, 511, 383)",Happy,0.7944
2025-09-22 00:32:02,"(310, 180, 513, 383)",Angry,0.4071
2025-09-22 00:32:02,"(310, 180, 515, 385)",Angry,0.4589
2025-09-22 00:32:02,"(309, 178, 516, 385)",Neutral,0.6163
2025-09-22 00:32:02,"(310, 183, 513, 386)",Neutral,0.3967
2025-09-22 00:32:03,"(309, 179, 514, 384)",Angry,0.5925
2025-09-22 00:32:03,"(307, 170, 515, 378)",Angry,0.6948
2025-09-22 00:32:03,"(311, 179, 517, 385)",Angry,0.5075
2025-09-22 00:32:03,"(307, 179, 514, 386)",Angry,0.5462
2025-09-22 00:32:03,"(304, 181, 514, 391)",Angry,0.6021
2025-09-22 00:32:03,"(304, 181, 514, 391)",Angry,0.4973
2025-09-22 00:32:04,"(304, 180, 517, 393)",Angry,0.6924
2025-09-22 00:32:04,"(301, 181, 512, 392)",Angry,0.722
2025-09-22 00:32:04,"(299, 182, 512, 395)",Angry,0.744
2025-09-22 00:32:04,"(293, 173, 514, 394)",Angry,0.8508
2025-09-22 00:32:04,"(302, 168, 504, 370)",Neutral,0.498
2025-09-22 00:32:04,"(315, 165, 506, 356)",Neutral,0.4268
2025-09-22 00:32:05,"(315, 157, 513, 355)",Sad,0.3963
2025-09-22 00:32:05,"(322, 167, 511, 356)",Sad,0.4314
2025-09-22 00:32:05,"(323, 168, 512, 357)",Sad,0.4615
2025-09-22 00:32:05,"(322, 174, 513, 365)",Sad,0.5117
2025-09-22 00:32:05,"(321, 179, 513, 371)",Happy,0.4455
2025-09-22 00:32:05,"(318, 193, 508, 383)",Neutral,0.3658
2025-09-22 00:32:06,"(314, 189, 507, 382)",Happy,0.4679
2025-09-22 00:32:06,"(313, 188, 510, 385)",Angry,0.6367
2025-09-22 00:32:06,"(311, 186, 512, 387)",Angry,0.3781
2025-09-22 00:32:06,"(309, 186, 510, 387)",Angry,0.3573
2025-09-22 00:32:06,"(308, 184, 512, 388)",Angry,0.4801
2025-09-22 00:32:06,"(306, 181, 512, 387)",Angry,0.5878
2025-09-22 00:32:07,"(304, 180, 515, 391)",Angry,0.6579
2025-09-22 00:32:07,"(305, 181, 513, 389)",Angry,0.6424
2025-09-22 00:32:07,"(301, 176, 515, 390)",Angry,0.6077
2025-09-22 00:32:07,"(304, 181, 513, 390)",Fear,0.424
2025-09-22 00:32:07,"(301, 177, 513, 389)",Fear,0.491
2025-09-22 00:32:07,"(302, 174, 511, 383)",Angry,0.5425
2025-09-22 00:32:08,"(307, 171, 512, 376)",Angry,0.7001
2025-09-22 00:32:08,"(306, 174, 513, 381)",Happy,0.5925
2025-09-22 00:32:08,"(308, 172, 514, 378)",Neutral,0.5304
2025-09-22 00:32:08,"(301, 166, 506, 371)",Happy,0.7426
2025-09-22 00:32:08,"(281, 154, 480, 353)",Happy,0.8143
2025-09-22 00:32:08,"(273, 149, 467, 343)",Happy,0.741
2025-09-22 00:32:09,"(272, 148, 468, 344)",Happy,0.6601
2025-09-22 00:32:09,"(292, 158, 489, 355)",Happy,0.7725
2025-09-22 00:32:09,"(301, 153, 507, 359)",Happy,0.8191
2025-09-22 00:32:09,"(304, 155, 514, 365)",Happy,0.8115
2025-09-22 00:32:09,"(304, 155, 515, 366)",Happy,0.9138
2025-09-22 00:32:09,"(303, 155, 515, 367)",Happy,0.9105
2025-09-22 00:32:10,"(305, 157, 515, 367)",Happy,0.8902
2025-09-22 00:32:10,"(305, 155, 516, 366)",Happy,0.7349
2025-09-22 00:32:10,"(303, 154, 518, 369)",Happy,0.8417
2025-09-22 00:32:10,"(307, 156, 522, 371)",Happy,0.9278
2025-09-22 00:32:10,"(309, 156, 521, 368)",Happy,0.9689
2025-09-22 00:32:10,"(307, 155, 523, 371)",Happy,0.9024
2025-09-22 00:32:11,"(304, 152, 526, 374)",Happy,0.9089
2025-09-22 00:32:11,"(304, 157, 527, 380)",Happy,0.6817
2025-09-22 00:32:11,"(296, 154, 517, 375)",Happy,0.8647
2025-09-22 00:32:11,"(286, 158, 499, 371)",Happy,0.9664
2025-09-22 00:32:11,"(287, 166, 494, 373)",Angry,0.4751
2025-09-22 00:32:11,"(285, 172, 491, 378)",Happy,0.6851
2025-09-22 00:32:12,"(283, 172, 492, 381)",Neutral,0.574
2025-09-22 00:32:12,"(285, 187, 491, 393)",Angry,0.2776
2025-09-22 00:32:12,"(285, 191, 489, 395)",Happy,0.5156
2025-09-22 00:32:12,"(279, 195, 488, 404)",Angry,0.4215
2025-09-22 00:32:12,"(271, 217, 453, 399)",Fear,0.6561
2025-09-22 00:32:12,"(264, 214, 454, 404)",Sad,0.4579
2025-09-22 00:32:13,"(258, 204, 493, 439)",Neutral,0.6484
2025-09-22 00:32:13,"(262, 215, 485, 438)",Neutral,0.7209
2025-09-22 00:32:13,"(262, 209, 486, 433)",Neutral,0.7373
2025-09-22 00:32:13,"(258, 203, 492, 437)",Neutral,0.7179
2025-09-22 00:32:13,"(263, 203, 472, 412)",Neutral,0.5574
2025-09-22 00:32:13,"(254, 197, 483, 426)",Fear,0.4902
2025-09-22 00:32:14,"(260, 196, 485, 421)",Sad,0.5127
2025-09-22 00:32:14,"(263, 196, 488, 421)",Fear,0.4879
2025-09-22 00:32:14,"(259, 203, 478, 422)",Fear,0.5933
2025-09-22 00:32:14,"(257, 208, 474, 425)",Angry,0.4764
2025-09-22 00:32:14,"(250, 202, 475, 427)",Angry,0.6268
2025-09-22 00:32:14,"(252, 205, 472, 425)",Fear,0.4906
2025-09-22 00:32:15,"(256, 201, 479, 424)",Angry,0.7243
2025-09-22 00:32:15,"(256, 199, 482, 425)",Neutral,0.5999
2025-09-22 00:32:15,"(249, 189, 487, 427)",Sad,0.6646
2025-09-22 00:32:15,"(255, 191, 489, 425)",Fear,0.7445
2025-09-22 00:32:15,"(256, 191, 491, 426)",Fear,0.7195
2025-09-22 00:32:15,"(258, 191, 492, 425)",Fear,0.4698
2025-09-22 00:32:16,"(260, 187, 489, 416)",Sad,0.5387
2025-09-22 00:32:16,"(260, 192, 491, 423)",Angry,0.5649
2025-09-22 00:32:16,"(269, 185, 496, 412)",Sad,0.5809
2025-09-22 00:32:16,"(276, 177, 499, 400)",Angry,0.423
2025-09-22 00:32:16,"(284, 180, 502, 398)",Disgust,0.8011
2025-09-22 00:32:16,"(295, 184, 509, 398)",Angry,0.5198
2025-09-22 00:32:17,"(307, 219, 530, 442)",Angry,0.5005
2025-09-22 00:32:17,"(328, 241, 526, 439)",Fear,0.361
2025-09-22 00:32:17,"(356, 233, 542, 419)",Surprise,0.5269
2025-09-22 00:32:17,"(360, 245, 550, 435)",Surprise,0.5549
2025-09-22 00:32:17,"(373, 271, 552, 450)",Surprise,0.514
2025-09-22 00:32:17,"(382, 257, 567, 442)",Happy,0.5753
2025-09-22 00:32:18,"(403, 277, 578, 452)",Surprise,0.3639
2025-09-22 00:32:18,"(401, 277, 577, 453)",Sad,0.3616
2025-09-22 00:32:18,"(441, 275, 588, 422)",Sad,0.3862
2025-09-22 00:32:18,"(442, 286, 600, 444)",Sad,0.5182
2025-09-22 00:32:18,"(469, 283, 651, 465)",Sad,0.5196
2025-09-22 00:32:19,"(497, 291, 663, 456)",Sad,0.4377
2025-09-22 00:32:19,"(484, 280, 660, 456)",Sad,0.4604
2025-09-22 00:32:19,"(436, 262, 606, 432)",Sad,0.4078
2025-09-22 00:32:19,"(278, 244, 475, 441)",Sad,0.4624
2025-09-22 00:32:19,"(252, 247, 435, 430)",Sad,0.4054
2025-09-22 00:32:20,"(230, 264, 397, 431)",Angry,0.4634
2025-09-22 00:32:20,"(215, 261, 374, 420)",Angry,0.5178
2025-09-22 00:32:20,"(187, 280, 348, 441)",Angry,0.7206
2025-09-22 00:32:20,"(166, 273, 339, 446)",Sad,0.5533
2025-09-22 00:32:21,"(174, 280, 335, 441)",Sad,0.6256
2025-09-22 00:32:21,"(178, 280, 342, 444)",Sad,0.6467
2025-09-22 00:32:21,"(200, 266, 362, 428)",Sad,0.7694
2025-09-22 00:32:21,"(210, 251, 378, 419)",Sad,0.5015
2025-09-22 00:32:21,"(261, 232, 440, 411)",Sad,0.4951
2025-09-22 00:32:21,"(289, 239, 465, 415)",Sad,0.3408
2025-09-22 00:32:22,"(306, 237, 485, 416)",Fear,0.5945
2025-09-22 00:32:22,"(312, 231, 494, 413)",Neutral,0.4423
2025-09-22 00:32:22,"(312, 231, 495, 414)",Surprise,0.461
2025-09-22 00:32:22,"(301, 219, 490, 408)",Sad,0.3785
2025-09-22 00:32:22,"(299, 216, 486, 403)",Happy,0.6691
2025-09-22 00:32:22,"(293, 204, 490, 401)",Happy,0.718
2025-09-22 00:32:23,"(294, 212, 486, 404)",Happy,0.5017
2025-09-22 00:32:23,"(291, 212, 486, 407)",Angry,0.3881
2025-09-22 00:32:23,"(289, 209, 486, 406)",Neutral,0.556
2025-09-22 00:32:23,"(288, 207, 489, 408)",Angry,0.619
2025-09-22 00:32:23,"(282, 196, 493, 407)",Angry,0.3918
2025-09-22 00:32:23,"(285, 199, 490, 404)",Neutral,0.4061
2025-09-22 00:32:24,"(295, 198, 487, 390)",Angry,0.411
2025-09-22 00:32:24,"(297, 194, 489, 386)",Angry,0.4189
2025-09-22 00:32:24,"(302, 192, 490, 380)",Sad,0.4328
2025-09-22 00:32:24,"(303, 194, 488, 379)",Sad,0.4166
2025-09-22 00:32:24,"(303, 194, 488, 379)",Sad,0.3691
2025-09-22 00:32:24,"(302, 202, 486, 386)",Angry,0.517
2025-09-22 00:32:25,"(300, 200, 487, 387)",Angry,0.8009
2025-09-22 00:32:25,"(297, 201, 483, 387)",Angry,0.8103
2025-09-22 00:32:25,"(294, 200, 485, 391)",Angry,0.8278
2025-09-22 00:32:25,"(291, 199, 485, 393)",Angry,0.8727
2025-09-22 00:32:25,"(288, 200, 487, 399)",Fear,0.6553
2025-09-22 00:32:25,"(288, 201, 489, 402)",Angry,0.7598
2025-09-22 00:32:26,"(287, 191, 493, 397)",Angry,0.7064
2025-09-22 00:32:26,"(284, 189, 495, 400)",Angry,0.731
2025-09-22 00:32:26,"(285, 189, 495, 399)",Angry,0.7145
2025-09-22 00:32:26,"(289, 190, 497, 398)",Angry,0.8363
2025-09-22 00:32:26,"(284, 194, 488, 398)",Angry,0.7905
2025-09-22 00:32:26,"(282, 194, 469, 381)",Angry,0.6578
2025-09-22 00:32:27,"(309, 129, 468, 288)",Sad,0.4349
2025-09-22 00:32:27,"(300, 32, 495, 227)",Neutral,0.3948
2025-09-22 00:32:27,"(260, 8, 485, 233)",Sad,0.5983
2025-09-22 00:32:28,"(159, 285, 404, 530)",Fear,0.2774
2025-09-22 00:32:29,"(164, 282, 374, 492)",Sad,0.3791
2025-09-22 00:32:29,"(154, 269, 363, 478)",Fear,0.3093
2025-09-22 00:32:29,"(141, 259, 345, 463)",Angry,0.3006
2025-09-22 00:32:29,"(184, 222, 339, 377)",Fear,0.2594
2025-09-22 00:32:29,"(147, 175, 292, 320)",Sad,0.5889
2025-09-22 00:32:30,"(174, 183, 317, 326)",Fear,0.642
2025-09-22 00:32:30,"(135, 118, 311, 294)",Sad,0.5631
2025-09-22 00:32:30,"(130, 52, 216, 138)",Sad,0.5115
2025-09-22 00:32:31,"(147, 141, 319, 313)",Sad,0.4928
2025-09-22 00:32:31,"(146, 139, 309, 302)",Sad,0.4647
2025-09-22 00:32:31,"(125, 128, 287, 290)",Sad,0.3391
2025-09-22 00:32:31,"(105, 118, 271, 284)",Sad,0.4163
2025-09-22 00:32:31,"(100, 115, 272, 287)",Angry,0.3475
2025-09-22 00:32:31,"(73, 82, 240, 249)",Sad,0.3407
2025-09-22 00:32:32,"(72, 82, 241, 251)",Sad,0.3639
2025-09-22 00:32:32,"(67, 79, 237, 249)",Sad,0.4268
2025-09-22 00:32:32,"(65, 81, 235, 251)",Neutral,0.3682
2025-09-22 00:32:32,"(56, 69, 228, 241)",Sad,0.4856
2025-09-22 00:32:32,"(56, 73, 226, 243)",Sad,0.5087
2025-09-22 00:32:32,"(48, 68, 219, 239)",Sad,0.6777
2025-09-22 00:32:33,"(41, 76, 213, 248)",Sad,0.7335
2025-09-22 00:32:33,"(46, 91, 212, 257)",Sad,0.7573
2025-09-22 00:32:33,"(56, 97, 212, 254)",Sad,0.6971
2025-09-22 00:32:33,"(68, 99, 220, 251)",Sad,0.5996
2025-09-22 00:32:33,"(68, 99, 219, 250)",Sad,0.5205
2025-09-22 00:32:33,"(65, 101, 221, 257)",Sad,0.4502
2025-09-22 00:32:34,"(65, 100, 221, 256)",Happy,0.547
2025-09-22 00:32:34,"(58, 96, 216, 254)",Happy,0.5047
2025-09-22 00:32:34,"(56, 102, 214, 260)",Sad,0.4434
2025-09-22 00:32:34,"(57, 101, 212, 256)",Sad,0.3774
2025-09-22 00:32:34,"(53, 95, 213, 255)",Sad,0.4703
2025-09-22 00:32:34,"(56, 101, 213, 258)",Sad,0.6021
2025-09-22 00:32:35,"(59, 102, 220, 263)",Sad,0.488
2025-09-22 00:32:35,"(71, 109, 229, 267)",Sad,0.4452
2025-09-22 00:32:35,"(70, 105, 227, 262)",Sad,0.4746
2025-09-22 00:32:35,"(75, 111, 230, 266)",Sad,0.4093
2025-09-22 00:32:35,"(72, 106, 225, 259)",Sad,0.3857
2025-09-22 00:32:35,"(79, 114, 229, 264)",Sad,0.5013
2025-09-22 00:32:36,"(86, 147, 245, 306)",Sad,0.5382
2025-09-22 00:32:36,"(81, 205, 246, 370)",Sad,0.6272
2025-09-22 00:32:36,"(90, 211, 256, 377)",Sad,0.5763
2025-09-22 00:32:36,"(170, 277, 324, 431)",Happy,0.7454
2025-09-22 00:32:36,"(162, 319, 326, 483)",Sad,0.4695
2025-09-22 00:32:37,"(163, 327, 338, 502)",Happy,0.8031
2025-09-22 00:32:37,"(79, 292, 272, 485)",Happy,0.7313
2025-09-22 00:32:37,"(61, 255, 272, 466)",Happy,0.7892
2025-09-22 00:32:37,"(47, 261, 273, 487)",Happy,0.9207
2025-09-22 00:32:38,"(55, 42, 322, 309)",Happy,0.7053
2025-09-22 00:32:38,"(102, 142, 325, 365)",Happy,0.6907
2025-09-22 00:32:38,"(177, 208, 361, 392)",Happy,0.6264
2025-09-22 00:32:38,"(171, 197, 370, 396)",Happy,0.7084
2025-09-22 00:32:38,"(171, 171, 365, 365)",Sad,0.5229
2025-09-22 00:32:39,"(159, 105, 380, 326)",Sad,0.4875
2025-09-22 00:32:39,"(152, 71, 387, 306)",Sad,0.47
2025-09-22 00:32:39,"(148, 67, 393, 312)",Disgust,0.3364
2025-09-22 00:32:39,"(138, 81, 387, 330)",Disgust,0.3414
2025-09-22 00:32:39,"(143, 95, 394, 346)",Happy,0.739
2025-09-22 00:32:40,"(147, 90, 406, 349)",Happy,0.9309
2025-09-22 00:32:40,"(157, 104, 405, 352)",Happy,0.7825
2025-09-22 00:32:40,"(155, 109, 403, 357)",Happy,0.7101
2025-09-22 00:32:40,"(154, 112, 412, 370)",Happy,0.6263
2025-09-22 00:32:40,"(154, 99, 411, 356)",Fear,0.5862
2025-09-22 00:32:40,"(147, 95, 400, 348)",Fear,0.7201
2025-09-22 00:32:41,"(152, 94, 395, 337)",Happy,0.4328
2025-09-22 00:32:41,"(154, 96, 393, 335)",Sad,0.4331
2025-09-22 00:32:41,"(159, 106, 388, 335)",Sad,0.3288
2025-09-22 00:32:41,"(156, 109, 393, 346)",Disgust,0.2219
2025-09-22 00:32:41,"(149, 122, 388, 361)",Sad,0.5163
2025-09-22 00:32:41,"(143, 126, 381, 364)",Sad,0.449
2025-09-22 00:32:42,"(135, 129, 374, 368)",Happy,0.5841
2025-09-22 00:32:42,"(129, 129, 372, 371)",Happy,0.539
2025-09-22 00:32:42,"(133, 135, 372, 374)",Happy,0.4165
2025-09-22 00:32:42,"(129, 133, 372, 376)",Happy,0.3218
2025-09-22 00:32:42,"(128, 133, 372, 377)",Happy,0.3671
2025-09-22 00:32:42,"(129, 134, 371, 376)",Happy,0.3498
2025-09-22 00:32:43,"(129, 135, 369, 375)",Happy,0.3823
2025-09-22 00:32:43,"(130, 136, 369, 375)",Happy,0.4228
2025-09-22 00:32:43,"(131, 136, 370, 375)",Happy,0.3143
2025-09-22 00:32:43,"(130, 136, 370, 376)",Happy,0.3628
2025-09-22 00:32:43,"(133, 142, 367, 376)",Happy,0.3991
2025-09-22 00:32:43,"(133, 135, 372, 374)",Happy,0.4606
2025-09-22 00:32:44,"(131, 123, 378, 370)",Happy,0.4042
2025-09-22 00:32:44,"(125, 95, 389, 359)",Fear,0.4801
2025-09-22 00:32:44,"(129, 68, 395, 334)",Surprise,0.4778
2025-09-22 00:32:44,"(117, 54, 397, 334)",Neutral,0.3271
2025-09-22 00:32:44,"(114, 44, 401, 331)",Happy,0.8115
2025-09-22 00:32:45,"(123, 55, 362, 294)",Happy,0.4121
2025-09-22 00:32:45,"(120, 87, 375, 342)",Neutral,0.5649
2025-09-22 00:32:45,"(123, 123, 362, 361)",Sad,0.4985
2025-09-22 00:32:45,"(137, 163, 347, 373)",Sad,0.5831
2025-09-22 00:32:48,"(241, 161, 350, 270)",Sad,0.4057
2025-09-22 00:32:48,"(208, 103, 352, 247)",Sad,0.6897
2025-09-22 00:32:48,"(190, 96, 347, 253)",Sad,0.5562
2025-09-22 00:32:48,"(188, 108, 350, 270)",Sad,0.5467
2025-09-22 00:32:49,"(181, 81, 365, 265)",Sad,0.569
2025-09-22 00:32:49,"(186, 93, 372, 279)",Sad,0.7293
2025-09-22 00:32:49,"(180, 113, 407, 340)",Sad,0.6088
2025-09-22 00:32:49,"(172, 113, 409, 350)",Happy,0.7023
2025-09-22 00:32:49,"(172, 126, 402, 356)",Happy,0.5753
2025-09-22 00:32:50,"(176, 144, 402, 370)",Happy,0.7067
2025-09-22 00:32:50,"(174, 164, 397, 387)",Happy,0.7074
2025-09-22 00:32:50,"(180, 159, 416, 395)",Happy,0.8107
2025-09-22 00:32:50,"(172, 132, 401, 361)",Sad,0.7536
2025-09-22 00:32:50,"(175, 114, 416, 355)",Sad,0.6115
2025-09-22 00:32:50,"(178, 111, 429, 362)",Happy,0.8944
2025-09-22 00:32:51,"(174, 108, 439, 373)",Happy,0.6728
2025-09-22 00:32:51,"(171, 98, 456, 383)",Happy,0.7912
2025-09-22 00:32:51,"(173, 114, 442, 383)",Happy,0.5851
2025-09-22 00:32:51,"(166, 112, 422, 368)",Happy,0.7049
2025-09-22 00:32:52,"(183, 103, 431, 351)",Happy,0.9475
2025-09-22 00:32:52,"(167, 108, 434, 375)",Happy,0.7346
2025-09-22 00:32:52,"(182, 117, 429, 364)",Happy,0.5212
2025-09-22 00:32:52,"(176, 124, 432, 380)",Sad,0.5404
2025-09-22 00:32:52,"(159, 105, 433, 379)",Sad,0.4542
2025-09-22 00:32:53,"(173, 119, 429, 374)",Sad,0.6014
2025-09-22 00:32:53,"(167, 114, 423, 370)",Sad,0.5306
2025-09-22 00:32:53,"(175, 122, 425, 372)",Sad,0.6333
2025-09-22 00:32:53,"(189, 137, 421, 369)",Sad,0.4959
2025-09-22 00:32:54,"(177, 124, 422, 369)",Sad,0.5197
2025-09-22 00:32:54,"(180, 120, 432, 372)",Sad,0.4856
2025-09-22 00:32:54,"(181, 122, 431, 372)",Sad,0.4996
2025-09-22 00:32:54,"(181, 121, 432, 372)",Sad,0.4882
2025-09-22 00:32:54,"(183, 124, 430, 371)",Sad,0.5063
2025-09-22 00:32:55,"(185, 138, 427, 380)",Sad,0.5716
2025-09-22 00:32:55,"(175, 131, 429, 385)",Sad,0.4626
2025-09-22 00:32:55,"(186, 176, 412, 402)",Sad,0.5069
2025-09-22 00:32:55,"(182, 173, 410, 401)",Sad,0.4942
2025-09-22 00:32:55,"(179, 154, 406, 381)",Happy,0.7084
2025-09-22 00:32:56,"(150, 132, 395, 377)",Happy,0.7336
2025-09-22 00:32:56,"(156, 130, 378, 352)",Happy,0.756
2025-09-22 00:32:56,"(153, 121, 377, 345)",Happy,0.7587
2025-09-22 00:32:56,"(133, 119, 350, 336)",Happy,0.5457
2025-09-22 00:32:56,"(91, 109, 315, 333)",Happy,0.5472
2025-09-22 00:32:56,"(50, 101, 280, 331)",Happy,0.6625
2025-09-22 00:32:57,"(56, 99, 290, 333)",Happy,0.6591
2025-09-22 00:32:57,"(60, 99, 293, 332)",Happy,0.752
2025-09-22 00:32:57,"(62, 100, 292, 330)",Happy,0.7986
2025-09-22 00:32:57,"(69, 101, 300, 332)",Happy,0.7786
2025-09-22 00:32:57,"(73, 102, 300, 329)",Happy,0.8008
2025-09-22 00:32:57,"(79, 104, 310, 335)",Happy,0.7664
2025-09-22 00:32:58,"(82, 103, 315, 336)",Happy,0.8127
2025-09-22 00:32:58,"(82, 102, 316, 336)",Happy,0.829
2025-09-22 00:32:58,"(82, 96, 321, 335)",Happy,0.7829
2025-09-22 00:32:58,"(80, 98, 324, 342)",Happy,0.7315
2025-09-22 00:32:58,"(89, 126, 319, 356)",Happy,0.5921
2025-09-22 00:32:58,"(92, 139, 314, 361)",Happy,0.8624
2025-09-22 00:32:59,"(89, 136, 315, 362)",Happy,0.8849
2025-09-22 00:32:59,"(86, 130, 317, 361)",Happy,0.7464
2025-09-22 00:32:59,"(86, 125, 320, 359)",Happy,0.8371
2025-09-22 00:32:59,"(83, 114, 328, 359)",Happy,0.9323
2025-09-22 00:32:59,"(80, 106, 325, 351)",Happy,0.9607
2025-09-22 00:32:59,"(77, 84, 324, 331)",Happy,0.9696
2025-09-22 00:33:00,"(66, 77, 330, 341)",Happy,0.777
2025-09-22 00:33:00,"(84, 64, 352, 332)",Happy,0.5296
2025-09-22 00:33:00,"(89, 65, 363, 339)",Neutral,0.2916
2025-09-22 00:33:00,"(89, 71, 364, 346)",Happy,0.4926
2025-09-22 00:33:00,"(92, 82, 360, 350)",Happy,0.7421
2025-09-22 00:33:00,"(94, 89, 356, 351)",Happy,0.688
2025-09-22 00:33:01,"(91, 86, 356, 351)",Happy,0.6927
2025-09-22 00:33:01,"(86, 76, 350, 340)",Happy,0.5191
2025-09-22 00:33:01,"(87, 80, 348, 341)",Happy,0.6071
2025-09-22 00:33:01,"(88, 85, 349, 346)",Happy,0.7393
2025-09-22 00:33:01,"(87, 84, 349, 346)",Happy,0.7196
2025-09-22 00:33:01,"(90, 85, 352, 347)",Happy,0.5506
2025-09-22 00:33:02,"(89, 83, 354, 348)",Happy,0.4651
2025-09-22 00:33:02,"(91, 75, 357, 341)",Happy,0.4225
2025-09-22 00:33:02,"(99, 69, 363, 333)",Happy,0.7117
2025-09-22 00:33:02,"(106, 63, 365, 322)",Happy,0.7017
2025-09-22 00:33:02,"(104, 58, 370, 324)",Happy,0.7643
2025-09-22 00:33:02,"(108, 61, 373, 326)",Happy,0.7323
2025-09-22 00:33:03,"(113, 63, 374, 324)",Happy,0.6239
2025-09-22 00:33:03,"(110, 65, 358, 313)",Happy,0.593
2025-09-22 00:33:03,"(96, 53, 339, 296)",Happy,0.6923
2025-09-22 00:33:03,"(113, 46, 303, 236)",Happy,0.6893
2025-09-22 00:33:03,"(126, 52, 277, 203)",Happy,0.5335
2025-09-22 00:33:03,"(148, 121, 254, 227)",Happy,0.4286
2025-09-22 00:33:06,"(304, 98, 513, 307)",Sad,0.4667
2025-09-22 00:33:06,"(299, 146, 517, 364)",Sad,0.7464
2025-09-22 00:33:07,"(313, 153, 516, 356)",Sad,0.7332
2025-09-22 00:33:07,"(315, 157, 515, 357)",Fear,0.4556
2025-09-22 00:33:07,"(313, 155, 518, 360)",Sad,0.9291
2025-09-22 00:33:07,"(308, 143, 519, 354)",Sad,0.6502
2025-09-22 00:33:07,"(314, 142, 516, 344)",Angry,0.4401
2025-09-22 00:33:07,"(315, 143, 515, 343)",Angry,0.4822
2025-09-22 00:33:08,"(327, 142, 527, 342)",Angry,0.6083
2025-09-22 00:33:08,"(320, 147, 522, 349)",Angry,0.5723
2025-09-22 00:33:08,"(320, 148, 520, 348)",Angry,0.342
2025-09-22 00:33:08,"(325, 141, 529, 345)",Angry,0.6329
2025-09-22 00:33:08,"(334, 137, 546, 349)",Sad,0.4639
2025-09-22 00:33:08,"(343, 149, 541, 347)",Sad,0.6761
2025-09-22 00:33:09,"(325, 141, 529, 345)",Sad,0.732
2025-09-22 00:33:09,"(321, 133, 538, 350)",Sad,0.5732
2025-09-22 00:33:09,"(312, 119, 545, 352)",Sad,0.6414
2025-09-22 00:33:09,"(306, 116, 535, 345)",Sad,0.6054
2025-09-22 00:33:09,"(301, 109, 525, 333)",Sad,0.4814
2025-09-22 00:33:09,"(290, 108, 523, 341)",Sad,0.3805
2025-09-22 00:33:10,"(278, 108, 520, 350)",Happy,0.7648
2025-09-22 00:33:10,"(273, 109, 520, 356)",Happy,0.712
2025-09-22 00:33:10,"(281, 134, 523, 376)",Happy,0.4969
2025-09-22 00:33:10,"(304, 119, 550, 364)",Happy,0.4598
2025-09-22 00:33:10,"(325, 0, 638, 313)",Angry,0.3948
2025-09-22 00:33:11,"(375, 29, 640, 294)",Sad,0.4363
2025-09-22 00:33:11,"(364, 18, 653, 307)",Sad,0.4361
2025-09-22 00:33:11,"(367, 21, 650, 304)",Sad,0.493
2025-09-22 00:33:11,"(356, 10, 660, 314)",Happy,0.8271
2025-09-22 00:33:12,"(356, 12, 656, 312)",Happy,0.6955
2025-09-22 00:33:12,"(353, 27, 636, 310)",Happy,0.7075
2025-09-22 00:33:12,"(337, 18, 626, 307)",Angry,0.3715
2025-09-22 00:33:12,"(353, 28, 635, 310)",Sad,0.5723
2025-09-22 00:33:12,"(379, 51, 645, 317)",Sad,0.6064
2025-09-22 00:33:13,"(394, 128, 621, 355)",Angry,0.2642
2025-09-22 00:33:13,"(399, 145, 619, 365)",Angry,0.2642
2025-09-22 00:33:13,"(409, 152, 625, 368)",Neutral,0.4309
2025-09-22 00:33:13,"(413, 160, 657, 404)",Neutral,0.4448
2025-09-22 00:33:13,"(426, 145, 672, 391)",Neutral,0.4747
2025-09-22 00:33:14,"(392, 129, 620, 357)",Neutral,0.4773
2025-09-22 00:33:14,"(341, 114, 567, 340)",Sad,0.4217
2025-09-22 00:33:14,"(298, 128, 508, 338)",Neutral,0.4408
2025-09-22 00:33:14,"(286, 146, 491, 351)",Fear,0.3725
2025-09-22 00:33:14,"(264, 145, 471, 352)",Sad,0.275
2025-09-22 00:33:14,"(246, 158, 452, 364)",Fear,0.6046
2025-09-22 00:33:15,"(236, 166, 439, 369)",Fear,0.495
2025-09-22 00:33:15,"(233, 175, 428, 370)",Neutral,0.3793
2025-09-22 00:33:15,"(233, 175, 428, 370)",Sad,0.2906
2025-09-22 00:33:15,"(235, 170, 433, 368)",Fear,0.3447
2025-09-22 00:33:15,"(240, 170, 438, 368)",Angry,0.427
2025-09-22 00:33:15,"(242, 171, 439, 368)",Neutral,0.4203
2025-09-22 00:33:16,"(242, 170, 440, 368)",Neutral,0.699
2025-09-22 00:33:16,"(247, 172, 442, 367)",Neutral,0.7743
2025-09-22 00:33:16,"(248, 173, 446, 371)",Neutral,0.6467
2025-09-22 00:33:16,"(249, 174, 447, 372)",Surprise,0.699
2025-09-22 00:33:16,"(250, 169, 450, 369)",Surprise,0.597
2025-09-22 00:33:16,"(250, 168, 452, 370)",Neutral,0.5656
2025-09-22 00:33:17,"(249, 167, 453, 371)",Neutral,0.589
2025-09-22 00:33:17,"(250, 168, 452, 370)",Neutral,0.5456
2025-09-22 00:33:17,"(249, 167, 451, 369)",Neutral,0.583
2025-09-22 00:33:17,"(249, 169, 449, 369)",Neutral,0.6124
2025-09-22 00:33:17,"(247, 171, 451, 375)",Neutral,0.4859
2025-09-22 00:33:17,"(247, 171, 450, 374)",Surprise,0.5546
2025-09-22 00:33:18,"(247, 172, 449, 374)",Surprise,0.5233
2025-09-22 00:33:18,"(247, 172, 448, 373)",Angry,0.3667
2025-09-22 00:33:18,"(247, 172, 447, 372)",Angry,0.4203
2025-09-22 00:33:18,"(248, 169, 448, 369)",Surprise,0.3844
2025-09-22 00:33:18,"(247, 168, 449, 370)",Surprise,0.4944
2025-09-22 00:33:18,"(248, 168, 450, 370)",Surprise,0.4503
2025-09-22 00:33:19,"(247, 171, 450, 374)",Surprise,0.5228
2025-09-22 00:33:19,"(248, 169, 449, 370)",Surprise,0.4769
2025-09-22 00:33:19,"(248, 167, 450, 369)",Surprise,0.4115
2025-09-22 00:33:19,"(247, 166, 450, 368)",Surprise,0.3897
2025-09-22 00:33:19,"(246, 165, 451, 370)",Surprise,0.3987
2025-09-22 00:33:19,"(247, 166, 449, 368)",Surprise,0.3691
2025-09-22 00:33:20,"(247, 166, 451, 370)",Neutral,0.4688
2025-09-22 00:33:20,"(247, 167, 450, 370)",Angry,0.3518
2025-09-22 00:33:20,"(247, 167, 449, 369)",Neutral,0.5318
2025-09-22 00:33:20,"(247, 167, 449, 369)",Neutral,0.6179
2025-09-22 00:33:20,"(246, 166, 451, 371)",Surprise,0.7131
2025-09-22 00:33:20,"(247, 168, 448, 369)",Surprise,0.5888
2025-09-22 00:33:21,"(248, 168, 450, 369)",Angry,0.2947
2025-09-22 00:33:21,"(248, 171, 450, 373)",Surprise,0.4664
2025-09-22 00:33:21,"(248, 168, 451, 371)",Neutral,0.5229
2025-09-22 00:33:21,"(248, 167, 452, 371)",Neutral,0.636
2025-09-22 00:33:21,"(249, 167, 453, 371)",Neutral,0.7388
2025-09-22 00:33:21,"(249, 168, 452, 371)",Neutral,0.8671
2025-09-22 00:33:22,"(249, 168, 451, 370)",Neutral,0.8549
2025-09-22 00:33:22,"(249, 168, 451, 370)",Neutral,0.8441
2025-09-22 00:33:22,"(248, 168, 451, 370)",Neutral,0.8056
2025-09-22 00:33:22,"(249, 168, 450, 369)",Surprise,0.5188
2025-09-22 00:33:22,"(249, 168, 451, 370)",Neutral,0.6414
2025-09-22 00:33:22,"(247, 164, 454, 371)",Surprise,0.7298
2025-09-22 00:33:23,"(246, 163, 455, 372)",Surprise,0.4672
2025-09-22 00:33:23,"(246, 164, 454, 371)",Surprise,0.4444
2025-09-22 00:33:23,"(248, 166, 453, 371)",Surprise,0.4746
2025-09-22 00:33:23,"(253, 163, 454, 364)",Angry,0.4489
2025-09-22 00:33:23,"(278, 166, 464, 352)",Angry,0.5708
2025-09-22 00:33:24,"(319, 160, 508, 349)",Sad,0.474
2025-09-22 00:33:24,"(331, 148, 527, 344)",Angry,0.3837
2025-09-22 00:33:24,"(336, 144, 534, 342)",Angry,0.4091
2025-10-13 13:46:21,"(321, 248, 520, 447)",Neutral,0.7905
2025-10-13 13:46:22,"(317, 245, 524, 452)",Sad,0.4877
2025-10-13 13:46:22,"(318, 247, 531, 460)",Neutral,0.6333
2025-10-13 13:46:22,"(319, 245, 538, 464)",Neutral,0.5472
2025-10-13 13:46:22,"(324, 247, 550, 473)",Neutral,0.5378
2025-10-13 13:46:22,"(336, 245, 543, 452)",Neutral,0.6556
2025-10-13 13:46:22,"(333, 232, 551, 450)",Fear,0.4436
2025-10-13 13:46:23,"(334, 221, 549, 436)",Fear,0.578
2025-10-13 13:46:23,"(334, 212, 553, 431)",Fear,0.5003
2025-10-13 13:46:23,"(350, 205, 582, 437)",Fear,0.2973
2025-10-13 13:46:23,"(380, 191, 614, 425)",Neutral,0.4492
2025-10-13 13:46:23,"(407, 160, 664, 417)",Fear,0.3336
2025-10-13 13:46:23,"(415, 138, 701, 424)",Happy,0.4889
2025-10-13 13:46:24,"(411, 152, 670, 411)",Happy,0.5015
2025-10-13 13:46:24,"(394, 171, 617, 394)",Neutral,0.6051
2025-10-13 13:46:24,"(361, 202, 546, 387)",Neutral,0.6462
2025-10-13 13:46:24,"(323, 211, 492, 380)",Neutral,0.5822
2025-10-13 13:46:24,"(299, 219, 478, 398)",Happy,0.3079
2025-10-13 13:46:24,"(298, 220, 475, 397)",Neutral,0.4371
2025-10-13 13:46:25,"(304, 216, 477, 389)",Neutral,0.4374
2025-10-13 13:46:25,"(314, 217, 494, 397)",Neutral,0.3218
2025-10-13 13:46:25,"(322, 212, 513, 403)",Neutral,0.3588
2025-10-13 13:46:25,"(320, 210, 514, 404)",Angry,0.3605
2025-10-13 13:46:25,"(317, 208, 516, 407)",Neutral,0.532
2025-10-13 13:46:26,"(319, 211, 513, 405)",Neutral,0.6714
2025-10-13 13:46:26,"(317, 209, 515, 407)",Neutral,0.6269
2025-10-13 13:46:26,"(316, 208, 516, 408)",Neutral,0.5141
2025-10-13 13:46:26,"(315, 207, 517, 409)",Angry,0.3712
2025-10-13 13:46:26,"(314, 207, 517, 410)",Angry,0.3387
2025-10-13 13:46:26,"(312, 204, 520, 412)",Angry,0.4488
2025-10-13 13:46:27,"(311, 203, 520, 412)",Angry,0.45
2025-10-13 13:46:27,"(312, 206, 513, 407)",Angry,0.4427
2025-10-13 13:46:27,"(308, 208, 492, 392)",Angry,0.3896
2025-10-13 13:46:27,"(301, 205, 488, 392)",Happy,0.3191
2025-10-13 13:46:27,"(298, 203, 484, 389)",Fear,0.3383
2025-10-13 13:46:27,"(314, 206, 491, 383)",Neutral,0.3048
2025-10-13 13:46:28,"(315, 208, 490, 383)",Neutral,0.3579
2025-10-28 23:43:05,"(364, 135, 533, 304)",Sad,0.5188
2025-10-28 23:43:05,"(360, 131, 531, 302)",Sad,0.5007
2025-10-28 23:43:05,"(358, 128, 534, 304)",Sad,0.6302
2025-10-28 23:43:05,"(359, 130, 530, 301)",Sad,0.5071
2025-10-28 23:43:05,"(358, 127, 529, 298)",Sad,0.4162
2025-10-28 23:43:06,"(358, 124, 533, 299)",Sad,0.4091
2025-10-28 23:43:06,"(377, 125, 550, 298)",Fear,0.4603
2025-10-28 23:43:06,"(385, 121, 562, 298)",Fear,0.4227
2025-10-28 23:43:06,"(392, 122, 567, 297)",Fear,0.4571
2025-10-28 23:43:06,"(392, 122, 565, 295)",Fear,0.3856
2025-10-28 23:43:06,"(392, 123, 560, 291)",Happy,0.7939
2025-10-28 23:43:07,"(395, 125, 553, 283)",Happy,0.9625
2025-10-28 23:43:07,"(395, 126, 559, 290)",Happy,0.9857
2025-10-28 23:43:07,"(394, 124, 560, 290)",Happy,0.9419
2025-10-28 23:43:07,"(394, 126, 559, 291)",Happy,0.9694
2025-10-28 23:43:07,"(395, 128, 555, 288)",Happy,0.9796
2025-10-28 23:43:07,"(390, 126, 558, 294)",Disgust,0.3529
2025-10-28 23:43:08,"(391, 128, 561, 297)",Fear,0.457
2025-10-28 23:43:08,"(387, 126, 561, 300)",Sad,0.4553
2025-10-28 23:43:08,"(388, 127, 560, 299)",Sad,0.3966
2025-10-28 23:43:08,"(390, 128, 559, 297)",Disgust,0.5437
2025-10-28 23:43:08,"(389, 128, 557, 296)",Disgust,0.6958
2025-10-28 23:43:08,"(391, 128, 557, 294)",Disgust,0.7527
2025-10-28 23:43:09,"(390, 129, 558, 297)",Disgust,0.7759
2025-10-28 23:43:09,"(390, 129, 558, 297)",Disgust,0.76
2025-10-28 23:43:09,"(390, 128, 557, 295)",Disgust,0.7446
2025-10-28 23:43:09,"(390, 130, 557, 297)",Disgust,0.7065
2025-10-28 23:43:09,"(390, 129, 558, 297)",Disgust,0.5051
2025-10-28 23:43:09,"(394, 131, 553, 290)",Angry,0.5515
2025-10-28 23:43:10,"(389, 128, 555, 294)",Angry,0.7605
2025-10-28 23:43:10,"(388, 127, 552, 291)",Angry,0.7607
2025-10-28 23:43:10,"(389, 129, 554, 294)",Happy,0.7149
2025-10-28 23:43:10,"(389, 129, 555, 295)",Angry,0.6303
2025-10-28 23:43:10,"(388, 128, 556, 296)",Angry,0.7097
2025-10-28 23:43:10,"(386, 127, 559, 300)",Fear,0.4701
2025-10-28 23:43:11,"(382, 127, 558, 303)",Disgust,0.3534
2025-10-28 23:43:11,"(381, 126, 559, 304)",Sad,0.3117
2025-10-28 23:43:11,"(379, 123, 564, 308)",Sad,0.4273
2025-10-28 23:43:11,"(380, 124, 561, 305)",Fear,0.4465
2025-10-28 23:43:11,"(379, 123, 562, 306)",Sad,0.537
2025-10-28 23:43:11,"(380, 124, 562, 306)",Sad,0.5165
2025-10-28 23:43:12,"(379, 123, 564, 308)",Sad,0.4972
2025-10-28 23:43:12,"(380, 123, 563, 306)",Fear,0.4501
2025-10-28 23:43:12,"(384, 124, 559, 299)",Fear,0.4497
2025-10-28 23:43:12,"(385, 124, 560, 299)",Sad,0.4271
2025-10-28 23:43:12,"(386, 125, 559, 298)",Fear,0.4379
2025-10-28 23:43:12,"(385, 126, 561, 302)",Fear,0.4216
2025-10-28 23:43:13,"(385, 126, 560, 301)",Fear,0.3826
2025-10-28 23:43:13,"(385, 124, 559, 298)",Fear,0.4419
2025-10-28 23:43:13,"(387, 128, 555, 296)",Sad,0.6147
2025-10-28 23:43:13,"(386, 125, 555, 294)",Sad,0.5742
2025-10-28 23:43:13,"(385, 126, 555, 296)",Sad,0.5032
2025-10-28 23:43:13,"(384, 125, 555, 296)",Sad,0.4883
2025-10-28 23:43:14,"(383, 128, 554, 299)",Sad,0.4729
2025-10-28 23:43:14,"(384, 129, 553, 298)",Sad,0.3976
2025-10-28 23:43:14,"(383, 125, 554, 296)",Sad,0.4844
2025-10-28 23:43:14,"(375, 125, 547, 297)",Sad,0.4808
2025-10-28 23:43:14,"(375, 126, 547, 298)",Angry,0.3277
2025-10-28 23:43:14,"(371, 128, 544, 301)",Sad,0.3988
2025-10-28 23:43:15,"(370, 128, 544, 302)",Angry,0.4955
2025-10-28 23:43:15,"(370, 129, 544, 303)",Sad,0.431
2025-10-28 23:43:15,"(373, 132, 543, 302)",Angry,0.4846
2025-10-28 23:43:15,"(377, 132, 547, 302)",Angry,0.48
2025-10-28 23:43:15,"(379, 134, 546, 301)",Angry,0.5795
2025-10-28 23:43:15,"(378, 133, 546, 301)",Angry,0.4916
2025-10-28 23:43:16,"(376, 132, 545, 301)",Angry,0.475
2025-10-28 23:43:16,"(374, 132, 546, 304)",Angry,0.5351
2025-10-28 23:43:16,"(371, 130, 542, 301)",Angry,0.6567
2025-10-28 23:43:16,"(366, 125, 545, 304)",Angry,0.6595
2025-11-01 22:07:42,"(314, 121, 481, 288)",Sad,0.709
2025-11-01 22:07:43,"(314, 118, 483, 287)",Sad,0.5975
2025-11-01 22:07:43,"(313, 117, 483, 287)",Sad,0.5495
2025-11-01 22:07:43,"(312, 116, 484, 289)",Sad,0.4791
2025-11-01 22:07:43,"(312, 116, 485, 289)",Sad,0.5649
2025-11-01 22:07:43,"(312, 116, 484, 288)",Sad,0.5627
2025-11-01 22:07:43,"(312, 115, 484, 287)",Sad,0.6252
2025-11-01 22:07:44,"(311, 115, 484, 288)",Neutral,0.5504
2025-11-01 22:07:44,"(310, 115, 483, 288)",Sad,0.4405
2025-11-01 22:07:44,"(309, 114, 483, 288)",Sad,0.5468
2025-11-01 22:07:44,"(311, 116, 481, 286)",Neutral,0.4239
2025-11-01 22:07:44,"(309, 114, 482, 287)",Sad,0.5017
2025-11-01 22:07:44,"(310, 115, 482, 287)",Neutral,0.4606
2025-11-01 22:07:45,"(310, 115, 484, 289)",Neutral,0.5269
2025-11-01 22:07:45,"(308, 115, 486, 293)",Sad,0.4653
2025-11-01 22:07:45,"(306, 114, 490, 298)",Sad,0.5398
2025-11-01 22:07:45,"(306, 113, 492, 299)",Sad,0.5605
2025-11-01 22:07:45,"(304, 111, 494, 301)",Sad,0.4326
2025-11-01 22:07:45,"(301, 113, 491, 303)",Neutral,0.5143
2025-11-01 22:07:46,"(301, 113, 491, 303)",Sad,0.509
2025-11-01 22:07:46,"(298, 109, 494, 305)",Sad,0.509
2025-11-01 22:07:46,"(300, 111, 492, 303)",Fear,0.382
2025-11-01 22:07:46,"(299, 110, 492, 303)",Fear,0.3871
2025-11-01 22:07:46,"(301, 113, 490, 302)",Fear,0.4456
2025-11-01 22:07:46,"(298, 109, 492, 303)",Fear,0.4011
2025-11-01 22:07:47,"(303, 113, 489, 299)",Fear,0.3915
2025-11-01 22:07:47,"(306, 115, 486, 295)",Sad,0.6515
2025-11-01 22:07:47,"(309, 115, 483, 289)",Sad,0.6499
2025-11-01 22:07:47,"(314, 117, 484, 287)",Sad,0.5862
2025-11-01 22:07:47,"(314, 116, 484, 286)",Sad,0.602
2025-11-01 22:07:47,"(312, 117, 481, 286)",Sad,0.6731
2025-11-01 22:07:48,"(311, 116, 482, 287)",Sad,0.6505
2025-11-01 22:07:48,"(311, 115, 482, 286)",Sad,0.6759
2025-11-01 22:07:48,"(311, 116, 491, 296)",Sad,0.6981
2025-11-01 22:07:48,"(317, 130, 542, 355)",Sad,0.6895
2025-11-01 22:07:48,"(343, 151, 588, 396)",Sad,0.5468
2025-11-01 22:07:50,"(403, 140, 661, 398)",Sad,0.5459
2025-11-01 22:07:50,"(394, 152, 624, 381)",Happy,0.608
2025-11-01 22:07:50,"(359, 146, 578, 365)",Fear,0.2945
2025-11-01 22:07:51,"(368, 173, 540, 345)",Happy,0.9415
2025-11-01 22:07:51,"(365, 173, 531, 339)",Happy,0.9531
2025-11-01 22:07:51,"(361, 181, 512, 332)",Happy,0.9105
2025-11-01 22:07:51,"(358, 197, 501, 340)",Sad,0.5644
2025-11-01 22:07:51,"(360, 206, 497, 343)",Sad,0.593
2025-11-01 22:07:51,"(358, 205, 498, 345)",Sad,0.3776
2025-11-01 22:07:52,"(371, 206, 484, 319)",Sad,0.4365
2025-11-01 22:07:52,"(375, 208, 484, 317)",Sad,0.5083
2025-11-01 22:07:52,"(370, 207, 482, 319)",Sad,0.5811
2025-11-01 22:07:52,"(358, 201, 490, 333)",Sad,0.4565
2025-11-01 22:07:52,"(359, 195, 488, 323)",Sad,0.437
2025-11-01 22:07:52,"(359, 186, 493, 320)",Sad,0.524
2025-11-01 22:07:53,"(357, 178, 499, 320)",Happy,0.5046
2025-11-01 22:07:53,"(354, 170, 501, 317)",Happy,0.5461
2025-11-01 22:07:53,"(343, 154, 494, 305)",Sad,0.4953
2025-11-01 22:07:53,"(325, 140, 484, 299)",Happy,0.8171
2025-11-01 22:07:53,"(322, 140, 483, 301)",Sad,0.4962
2025-11-01 22:07:53,"(318, 136, 477, 295)",Sad,0.4763
2025-11-01 22:07:54,"(303, 131, 468, 296)",Happy,0.508
2025-11-01 22:07:54,"(301, 130, 471, 300)",Sad,0.5433
2025-11-01 22:07:54,"(299, 132, 473, 306)",Sad,0.4768
2025-11-01 22:07:54,"(300, 134, 474, 308)",Neutral,0.4483
2025-11-01 22:07:54,"(305, 136, 473, 304)",Sad,0.4233
2025-11-01 22:07:54,"(305, 131, 482, 308)",Sad,0.5214
2025-11-01 22:07:55,"(315, 132, 483, 300)",Sad,0.5888
2025-11-01 22:07:55,"(314, 131, 485, 302)",Sad,0.526
2025-11-01 22:07:55,"(316, 126, 485, 295)",Sad,0.4595
2025-11-01 22:07:55,"(320, 130, 489, 299)",Sad,0.4388
2025-11-01 22:07:55,"(324, 132, 493, 301)",Sad,0.5427
2025-11-01 22:07:55,"(332, 134, 497, 299)",Sad,0.5451
2025-11-01 22:07:56,"(337, 134, 501, 298)",Sad,0.5571
2025-11-01 22:07:56,"(338, 134, 502, 297)",Sad,0.5624
2025-11-01 22:07:56,"(332, 135, 499, 302)",Sad,0.5669
2025-11-01 22:07:56,"(324, 133, 489, 298)",Sad,0.5099
2025-11-01 22:07:56,"(320, 133, 486, 298)",Sad,0.4846
2025-11-01 22:07:56,"(317, 130, 484, 297)",Sad,0.5023
2025-11-01 22:07:57,"(318, 129, 488, 299)",Fear,0.4313
2025-11-01 22:07:57,"(319, 129, 489, 299)",Sad,0.48
2025-11-01 22:07:57,"(323, 129, 495, 301)",Fear,0.5213
2025-11-01 22:07:57,"(327, 128, 498, 299)",Sad,0.4016
2025-11-01 22:07:57,"(328, 127, 500, 299)",Sad,0.5147
2025-11-01 22:07:57,"(330, 128, 506, 304)",Fear,0.467
2025-11-01 22:07:58,"(343, 133, 517, 307)",Sad,0.6558
2025-11-01 22:07:58,"(356, 145, 526, 315)",Sad,0.5261
2025-11-01 22:07:58,"(376, 161, 548, 333)",Sad,0.6694
2025-11-01 22:07:58,"(403, 181, 574, 352)",Sad,0.6953
2025-11-01 22:07:58,"(426, 187, 589, 350)",Sad,0.5484
2025-11-01 22:07:58,"(478, 187, 666, 375)",Sad,0.4287
2025-11-01 22:08:01,"(490, 157, 686, 353)",Happy,0.6711
2025-11-01 22:08:01,"(474, 159, 675, 360)",Happy,0.5653
2025-11-01 22:08:01,"(452, 152, 658, 358)",Happy,0.6628
2025-11-01 22:08:02,"(439, 151, 644, 356)",Sad,0.5338
2025-11-01 22:08:02,"(430, 147, 635, 352)",Sad,0.5008
2025-11-01 22:08:02,"(414, 157, 608, 351)",Fear,0.466
2025-11-01 22:08:02,"(386, 158, 578, 350)",Fear,0.5305
2025-11-01 22:08:02,"(370, 151, 562, 343)",Sad,0.409
2025-11-01 22:08:02,"(346, 153, 527, 333)",Fear,0.5706
2025-11-01 22:08:03,"(332, 146, 509, 323)",Sad,0.4043
2025-11-01 22:08:03,"(327, 146, 506, 325)",Fear,0.6013
2025-11-01 22:08:03,"(331, 140, 508, 317)",Fear,0.5282
2025-11-01 22:08:03,"(335, 131, 517, 313)",Fear,0.5507
2025-11-01 22:08:03,"(335, 128, 518, 311)",Fear,0.5506
2025-11-01 22:08:03,"(334, 128, 518, 312)",Fear,0.4768
2025-11-01 22:08:04,"(335, 125, 517, 307)",Sad,0.4087
2025-11-01 22:08:04,"(332, 124, 517, 309)",Fear,0.4613
2025-11-01 22:08:04,"(327, 124, 519, 316)",Fear,0.6227
2025-11-01 22:08:04,"(323, 135, 522, 334)",Fear,0.548
2025-11-01 22:08:04,"(325, 143, 523, 341)",Sad,0.6038
2025-11-01 22:08:04,"(326, 146, 527, 347)",Fear,0.4758
2025-11-01 22:08:05,"(325, 145, 527, 347)",Sad,0.4097
2025-11-01 22:08:05,"(327, 147, 524, 344)",Fear,0.5839
2025-11-01 22:08:05,"(331, 145, 526, 340)",Fear,0.5255
2025-11-01 22:08:05,"(352, 137, 536, 321)",Fear,0.5652
2025-11-01 22:08:05,"(365, 135, 542, 312)",Fear,0.5768
2025-11-01 22:08:06,"(378, 143, 542, 307)",Fear,0.509
2025-11-01 22:08:06,"(377, 153, 531, 307)",Fear,0.3806
2025-11-01 22:08:06,"(372, 161, 521, 310)",Fear,0.4268
2025-11-01 22:08:06,"(349, 170, 492, 313)",Fear,0.3461
2025-11-01 22:08:06,"(356, 170, 500, 314)",Fear,0.5413
2025-11-01 22:08:06,"(360, 169, 504, 313)",Fear,0.5248
2025-11-01 22:08:07,"(372, 166, 499, 293)",Neutral,0.2912
2025-11-01 22:08:07,"(361, 165, 499, 303)",Angry,0.4511
2025-11-01 22:08:07,"(341, 157, 481, 297)",Sad,0.6237
2025-11-01 22:08:07,"(324, 153, 474, 303)",Happy,0.4582
2025-11-01 22:08:07,"(309, 144, 467, 302)",Happy,0.4101
2025-11-01 22:08:07,"(309, 143, 468, 302)",Sad,0.4453
2025-11-01 22:08:08,"(314, 149, 472, 307)",Sad,0.4315
2025-11-01 22:08:08,"(313, 147, 475, 309)",Sad,0.5592
2025-11-01 22:08:08,"(312, 146, 476, 310)",Sad,0.4796
2025-11-01 22:08:08,"(310, 146, 475, 311)",Sad,0.4235
2025-11-01 22:08:08,"(310, 148, 470, 308)",Sad,0.409
2025-11-01 22:08:08,"(308, 148, 469, 309)",Sad,0.43
2025-11-01 22:08:09,"(307, 146, 472, 311)",Sad,0.4368
2025-11-01 22:08:09,"(311, 148, 469, 306)",Sad,0.4312
2025-11-01 22:08:09,"(311, 149, 471, 309)",Sad,0.443
2025-11-01 22:08:09,"(310, 148, 471, 309)",Sad,0.4899
2025-11-01 22:08:09,"(312, 149, 470, 307)",Sad,0.485
2025-11-01 22:08:09,"(311, 149, 471, 309)",Sad,0.4859
2025-11-01 22:08:10,"(306, 147, 476, 317)",Sad,0.518
2025-11-01 22:08:10,"(310, 147, 473, 310)",Sad,0.4964
2025-11-01 22:08:10,"(311, 149, 470, 308)",Sad,0.3727
2025-11-01 22:08:10,"(313, 149, 470, 306)",Sad,0.4253
2025-11-01 22:08:10,"(311, 148, 471, 308)",Sad,0.4122
2025-11-01 22:08:10,"(309, 147, 472, 310)",Happy,0.2904
2025-11-01 22:08:11,"(310, 148, 471, 309)",Sad,0.3594
2025-11-01 22:08:11,"(310, 147, 475, 312)",Sad,0.3474
2025-11-01 22:08:11,"(312, 149, 469, 306)",Sad,0.3903
2025-11-01 22:08:11,"(309, 146, 474, 311)",Sad,0.4107
2025-11-01 22:08:11,"(312, 149, 472, 309)",Happy,0.3205
2025-11-01 22:08:11,"(311, 147, 472, 308)",Sad,0.4052
2025-11-01 22:08:12,"(309, 147, 475, 313)",Sad,0.3762
2025-11-01 22:08:12,"(307, 144, 478, 315)",Sad,0.4508
2025-11-01 22:08:12,"(307, 153, 483, 329)",Sad,0.4822
2025-11-01 22:08:12,"(319, 144, 491, 316)",Happy,0.4262
2025-11-01 22:08:12,"(330, 139, 508, 317)",Happy,0.3239
2025-11-01 22:08:12,"(330, 136, 515, 321)",Sad,0.3744
2025-11-01 22:08:13,"(341, 135, 513, 307)",Fear,0.2591
2025-11-01 22:08:13,"(346, 136, 525, 315)",Sad,0.4922
2025-11-01 22:08:13,"(360, 131, 541, 312)",Sad,0.4802
2025-11-01 22:08:13,"(366, 130, 543, 307)",Sad,0.4925
2025-11-01 22:08:13,"(367, 120, 565, 318)",Sad,0.3295
2025-11-01 22:08:13,"(377, 116, 565, 304)",Happy,0.3875
2025-11-01 22:08:14,"(378, 118, 563, 303)",Neutral,0.4071
2025-11-01 22:08:14,"(364, 130, 543, 309)",Neutral,0.3859
2025-11-01 22:08:14,"(352, 128, 538, 314)",Sad,0.5081
2025-11-01 22:08:14,"(345, 129, 529, 313)",Neutral,0.4138
2025-11-01 22:08:14,"(348, 130, 520, 302)",Sad,0.4013
2025-11-01 22:08:14,"(344, 131, 522, 309)",Sad,0.3721
2025-11-01 22:08:15,"(347, 135, 528, 316)",Angry,0.3148
2025-11-01 22:08:15,"(347, 136, 530, 319)",Neutral,0.6993
2025-11-01 22:08:15,"(346, 136, 530, 320)",Neutral,0.6209
2025-11-01 22:08:15,"(337, 133, 540, 336)",Neutral,0.5818
2025-11-01 22:08:15,"(339, 134, 537, 332)",Fear,0.373
2025-11-01 22:08:15,"(343, 133, 533, 323)",Neutral,0.4011
2025-11-01 22:08:16,"(337, 133, 538, 334)",Neutral,0.3684
2025-11-01 22:08:16,"(344, 134, 528, 318)",Neutral,0.3937
2025-11-01 22:08:16,"(354, 135, 516, 297)",Neutral,0.6184
2025-11-01 22:08:16,"(340, 131, 531, 322)",Neutral,0.3755
2025-11-01 22:08:16,"(343, 133, 528, 318)",Happy,0.6441
2025-11-01 22:08:16,"(344, 134, 528, 318)",Surprise,0.4597
2025-11-01 22:08:17,"(339, 132, 530, 323)",Neutral,0.3278
2025-11-01 22:08:17,"(342, 132, 528, 318)",Happy,0.5346
2025-11-01 22:08:17,"(339, 135, 523, 319)",Neutral,0.6732
2025-11-01 22:08:17,"(337, 131, 530, 324)",Fear,0.4625
2025-11-01 22:08:17,"(352, 142, 519, 309)",Happy,0.5994
2025-11-01 22:08:17,"(338, 139, 530, 331)",Happy,0.5352
2025-11-01 22:08:18,"(340, 137, 532, 329)",Fear,0.4153
2025-11-01 22:08:18,"(332, 135, 530, 333)",Fear,0.4183
2025-11-01 22:08:18,"(329, 136, 524, 331)",Sad,0.3628
2025-11-01 22:08:18,"(326, 134, 524, 332)",Fear,0.4232
2025-11-01 22:08:18,"(328, 138, 524, 334)",Fear,0.4244
2025-11-01 22:08:18,"(328, 139, 525, 336)",Fear,0.5266
2025-11-01 22:08:19,"(324, 140, 526, 342)",Fear,0.5532
2025-11-01 22:08:19,"(326, 143, 524, 341)",Fear,0.5733
2025-11-01 22:08:19,"(325, 140, 526, 341)",Fear,0.5186
2025-11-01 22:08:19,"(322, 139, 527, 344)",Sad,0.4255
2025-11-01 22:08:19,"(319, 132, 527, 340)",Sad,0.5677
2025-11-01 22:08:19,"(324, 141, 525, 342)",Sad,0.5492
2025-11-01 22:08:20,"(324, 136, 526, 338)",Sad,0.497
2025-11-01 22:08:20,"(325, 143, 523, 341)",Fear,0.4288
2025-11-01 22:08:20,"(326, 143, 523, 340)",Sad,0.488
2025-11-01 22:08:20,"(326, 143, 523, 340)",Fear,0.4186
2025-11-01 22:08:20,"(328, 141, 520, 333)",Fear,0.4092
2025-11-01 22:08:20,"(327, 140, 523, 336)",Fear,0.4542
2025-11-01 22:08:21,"(330, 142, 520, 332)",Neutral,0.4086
2025-11-01 22:08:21,"(332, 148, 519, 335)",Sad,0.4235
2025-11-01 22:08:21,"(333, 147, 522, 335)",Fear,0.4077
2025-11-01 22:08:21,"(327, 143, 525, 341)",Sad,0.4201
2025-11-01 22:08:21,"(329, 139, 524, 334)",Sad,0.421
2025-11-01 22:08:21,"(331, 145, 523, 337)",Sad,0.3774
2025-11-01 22:08:22,"(331, 144, 524, 337)",Sad,0.4361
2025-11-01 22:08:22,"(329, 143, 525, 339)",Sad,0.5122
2025-11-01 22:08:22,"(327, 139, 524, 336)",Sad,0.49
2025-11-01 22:08:22,"(328, 143, 525, 340)",Fear,0.504
2025-11-01 22:08:22,"(328, 143, 523, 338)",Fear,0.5428
2025-11-01 22:08:22,"(327, 144, 522, 338)",Fear,0.4998
2025-11-01 22:08:23,"(324, 141, 524, 341)",Fear,0.5931
2025-11-01 22:08:23,"(325, 141, 523, 339)",Fear,0.6116
2025-11-01 22:08:23,"(328, 141, 522, 335)",Fear,0.4733
2025-11-01 22:08:23,"(326, 143, 522, 339)",Fear,0.5092
2025-11-01 22:08:23,"(322, 138, 519, 335)",Sad,0.4545
2025-11-01 22:08:23,"(320, 138, 516, 334)",Fear,0.6071
2025-11-01 22:08:53,"(293, 142, 463, 312)",Neutral,0.449
2025-11-01 22:08:53,"(293, 138, 460, 305)",Angry,0.3442
2025-11-01 22:08:54,"(292, 139, 459, 306)",Neutral,0.5855
2025-11-01 22:08:54,"(294, 139, 459, 304)",Neutral,0.6178
2025-11-01 22:08:54,"(289, 140, 465, 316)",Neutral,0.6745
2025-11-01 22:08:54,"(291, 141, 464, 314)",Neutral,0.6274
2025-11-01 22:08:54,"(288, 138, 467, 317)",Neutral,0.5034
2025-11-01 22:08:54,"(291, 135, 464, 308)",Neutral,0.4868
2025-11-01 22:08:55,"(295, 134, 461, 300)",Neutral,0.5481
2025-11-01 22:08:55,"(302, 137, 470, 305)",Neutral,0.6267
2025-11-01 22:08:55,"(303, 129, 479, 305)",Neutral,0.5566
2025-11-01 22:08:55,"(317, 136, 483, 302)",Neutral,0.5502
2025-11-01 22:08:55,"(315, 133, 489, 307)",Neutral,0.5164
2025-11-01 22:08:55,"(317, 135, 488, 306)",Neutral,0.6229
2025-11-01 22:08:56,"(315, 133, 490, 308)",Angry,0.3738
2025-11-01 22:08:56,"(316, 134, 488, 306)",Neutral,0.6385
2025-11-01 22:08:56,"(317, 133, 491, 307)",Neutral,0.6047
2025-11-01 22:08:56,"(315, 134, 489, 308)",Neutral,0.7093
2025-11-01 22:08:56,"(318, 135, 487, 304)",Sad,0.3773
2025-11-01 22:08:56,"(316, 133, 490, 307)",Neutral,0.4564
2025-11-01 22:08:57,"(316, 133, 489, 306)",Neutral,0.7028
2025-11-01 22:08:57,"(317, 134, 489, 306)",Neutral,0.6962
2025-11-01 22:08:57,"(317, 134, 489, 306)",Neutral,0.6736
2025-11-01 22:08:57,"(318, 135, 489, 306)",Neutral,0.5403
2025-11-01 22:08:57,"(316, 133, 490, 307)",Neutral,0.4064
2025-11-01 22:08:57,"(317, 135, 487, 305)",Neutral,0.6531
2025-11-01 22:08:58,"(316, 134, 489, 307)",Sad,0.4004
2025-11-01 22:08:58,"(317, 134, 486, 303)",Neutral,0.5722
2025-11-01 22:08:58,"(317, 136, 484, 303)",Neutral,0.4773
2025-11-01 22:08:58,"(317, 136, 484, 303)",Neutral,0.5683
2025-11-01 22:08:58,"(317, 136, 483, 302)",Neutral,0.7075
2025-11-01 22:08:58,"(317, 135, 484, 302)",Sad,0.4011
2025-11-01 22:08:59,"(317, 135, 485, 303)",Neutral,0.4806
2025-11-01 22:08:59,"(314, 133, 488, 307)",Sad,0.4128
2025-11-01 22:08:59,"(317, 135, 486, 304)",Neutral,0.6283
2025-11-01 22:08:59,"(320, 137, 484, 301)",Neutral,0.4095
2025-11-01 22:08:59,"(315, 134, 487, 306)",Sad,0.4041
2025-11-01 22:08:59,"(320, 139, 487, 306)",Fear,0.3031
2025-11-01 22:09:00,"(320, 144, 487, 311)",Fear,0.3499
2025-11-01 22:09:00,"(312, 144, 495, 327)",Sad,0.4334
2025-11-01 22:09:00,"(317, 142, 490, 316)",Fear,0.3987
2025-11-01 22:09:00,"(315, 140, 494, 319)",Sad,0.4581
2025-11-01 22:09:00,"(312, 143, 494, 325)",Sad,0.4436
2025-11-01 22:09:00,"(312, 143, 493, 324)",Fear,0.6956
2025-11-01 22:09:01,"(318, 139, 486, 307)",Fear,0.7959
2025-11-01 22:09:01,"(320, 138, 486, 304)",Sad,0.3782
2025-11-01 22:09:01,"(320, 136, 487, 303)",Neutral,0.4155
2025-11-01 22:09:01,"(318, 135, 486, 303)",Neutral,0.4785
2025-11-01 22:09:01,"(319, 133, 486, 299)",Neutral,0.4331
2025-11-01 22:09:01,"(318, 135, 484, 301)",Neutral,0.5128
2025-11-01 22:09:02,"(316, 131, 485, 300)",Neutral,0.588
2025-11-01 22:09:02,"(312, 132, 488, 308)",Neutral,0.6543
2025-11-01 22:09:02,"(316, 130, 487, 301)",Neutral,0.3397
2025-11-01 22:09:02,"(316, 131, 485, 300)",Neutral,0.6163
2025-11-01 22:09:02,"(317, 137, 481, 301)",Neutral,0.6552
2025-11-01 22:09:02,"(316, 138, 481, 303)",Neutral,0.5639
2025-11-01 22:09:03,"(317, 138, 482, 303)",Neutral,0.4698
2025-11-01 22:09:03,"(312, 142, 480, 310)",Neutral,0.5739
2025-11-01 22:09:03,"(312, 137, 477, 302)",Disgust,0.3971
2025-11-01 22:09:03,"(317, 141, 467, 291)",Sad,0.4138
2025-11-01 22:09:03,"(317, 141, 473, 297)",Sad,0.579
2025-11-01 22:09:03,"(312, 136, 483, 307)",Sad,0.5261
2025-11-01 22:09:04,"(311, 136, 480, 305)",Sad,0.3937
2025-11-01 22:09:04,"(312, 138, 483, 309)",Sad,0.3469
2025-11-01 22:09:04,"(311, 139, 488, 316)",Sad,0.4122
2025-11-01 22:09:04,"(314, 140, 489, 315)",Sad,0.4232
2025-11-01 22:09:04,"(319, 136, 489, 306)",Neutral,0.4566
2025-11-01 22:09:04,"(315, 133, 493, 311)",Neutral,0.437
2025-11-01 22:09:05,"(316, 136, 486, 306)",Neutral,0.4815
2025-11-01 22:09:05,"(319, 136, 489, 306)",Neutral,0.6488
2025-11-01 22:09:05,"(318, 134, 495, 311)",Neutral,0.6481
2025-11-01 22:09:05,"(325, 133, 501, 309)",Neutral,0.6953
2025-11-01 22:09:05,"(329, 132, 508, 311)",Neutral,0.6
2025-11-01 22:09:05,"(327, 132, 505, 310)",Neutral,0.6473
2025-11-01 22:09:06,"(322, 131, 501, 310)",Neutral,0.8126
2025-11-01 22:09:06,"(321, 132, 499, 310)",Neutral,0.7263
2025-11-01 22:09:06,"(317, 133, 493, 309)",Neutral,0.7313
2025-11-01 22:09:06,"(313, 137, 493, 317)",Neutral,0.8226
2025-11-01 22:09:06,"(314, 133, 492, 311)",Neutral,0.6787
2025-11-01 22:09:06,"(311, 136, 494, 319)",Neutral,0.8352
2025-11-01 22:09:07,"(307, 138, 494, 325)",Neutral,0.8489
2025-11-01 22:09:07,"(312, 141, 487, 316)",Neutral,0.7451
2025-11-01 22:09:07,"(307, 141, 482, 316)",Neutral,0.5466
2025-11-01 22:09:07,"(306, 138, 480, 312)",Neutral,0.4919
2025-11-01 22:09:07,"(309, 139, 478, 308)",Sad,0.3883
2025-11-01 22:09:07,"(309, 140, 476, 307)",Sad,0.3387
2025-11-01 22:09:08,"(304, 139, 483, 318)",Sad,0.3448
2025-11-01 22:09:08,"(306, 139, 476, 309)",Sad,0.4277
2025-11-01 22:09:08,"(308, 139, 478, 309)",Neutral,0.4042
2025-11-01 22:09:08,"(306, 137, 480, 311)",Neutral,0.3694
2025-11-01 22:09:08,"(309, 140, 477, 308)",Neutral,0.4379
2025-11-01 22:09:08,"(312, 142, 474, 304)",Sad,0.2914
2025-11-01 22:09:09,"(309, 140, 477, 308)",Neutral,0.533
2025-11-01 22:09:09,"(312, 141, 477, 306)",Neutral,0.435
2025-11-01 22:09:09,"(312, 144, 479, 311)",Neutral,0.4396
2025-11-01 22:09:09,"(313, 144, 479, 311)",Happy,0.4394
2025-11-01 22:09:09,"(311, 141, 483, 313)",Sad,0.4505
2025-11-01 22:09:09,"(314, 143, 483, 312)",Sad,0.4161
2025-11-01 22:09:10,"(307, 139, 494, 326)",Neutral,0.6352
2025-11-01 22:09:10,"(308, 140, 498, 330)",Neutral,0.7431
2025-11-01 22:09:10,"(333, 125, 515, 306)",Neutral,0.3784
2025-11-01 22:09:10,"(343, 124, 524, 305)",Fear,0.4025
2025-11-01 22:09:10,"(351, 128, 526, 303)",Fear,0.4627
2025-11-01 22:09:10,"(357, 126, 526, 295)",Sad,0.3409
2025-11-01 22:09:11,"(362, 131, 522, 291)",Neutral,0.6569
2025-11-01 22:09:11,"(362, 135, 522, 295)",Fear,0.3594
2025-11-01 22:09:11,"(375, 138, 526, 289)",Fear,0.4402
2025-11-01 22:09:11,"(377, 146, 522, 291)",Happy,0.4686
2025-11-01 22:09:11,"(375, 157, 521, 303)",Neutral,0.5069
2025-11-01 22:09:11,"(380, 166, 518, 304)",Sad,0.5163
2025-11-01 22:09:12,"(377, 169, 520, 312)",Neutral,0.6931
2025-11-01 22:09:12,"(375, 170, 521, 316)",Sad,0.5481
2025-11-01 22:09:12,"(375, 182, 521, 328)",Angry,0.3613
2025-11-01 22:09:12,"(376, 182, 524, 330)",Angry,0.4115
2025-11-01 22:09:12,"(382, 182, 530, 330)",Angry,0.4688
2025-11-01 22:09:12,"(389, 185, 533, 329)",Fear,0.4385
2025-11-01 22:09:13,"(388, 182, 535, 329)",Angry,0.7201
2025-11-01 22:09:13,"(385, 179, 533, 327)",Angry,0.7175
2025-11-01 22:09:13,"(385, 179, 536, 330)",Angry,0.6206
2025-11-01 22:09:13,"(385, 177, 534, 326)",Angry,0.4951
2025-11-01 22:09:13,"(386, 181, 533, 328)",Angry,0.4048
2025-11-01 22:09:13,"(385, 179, 532, 326)",Angry,0.4468
2025-11-01 22:09:14,"(384, 177, 531, 324)",Angry,0.5489
2025-11-01 22:09:14,"(386, 179, 531, 325)",Angry,0.5313
2025-11-01 22:09:14,"(386, 179, 532, 325)",Angry,0.4669
2025-11-01 22:09:14,"(385, 177, 532, 324)",Angry,0.5713
2025-11-01 22:09:14,"(385, 176, 530, 321)",Angry,0.5506
2025-11-01 22:09:15,"(384, 175, 532, 323)",Happy,0.4199
2025-11-01 22:09:15,"(386, 176, 532, 322)",Happy,0.4512
2025-11-01 22:09:15,"(387, 177, 533, 323)",Angry,0.489
2025-11-01 22:09:15,"(389, 174, 535, 320)",Angry,0.785
2025-11-01 22:09:16,"(394, 167, 533, 306)",Sad,0.4093
2025-11-01 22:09:16,"(397, 167, 535, 305)",Neutral,0.7074
2025-11-01 22:09:16,"(396, 166, 534, 304)",Neutral,0.7192
2025-11-01 22:09:16,"(399, 168, 535, 304)",Sad,0.4613
2025-11-01 22:09:16,"(401, 170, 535, 304)",Angry,0.4358
2025-11-01 22:09:17,"(401, 170, 536, 305)",Angry,0.4477
2025-11-01 22:09:17,"(403, 171, 535, 303)",Angry,0.4883
2025-11-01 22:09:17,"(405, 172, 537, 304)",Angry,0.4118
2025-11-01 22:09:17,"(408, 173, 540, 305)",Angry,0.4346
2025-11-01 22:09:18,"(412, 168, 549, 305)",Sad,0.3048
2025-11-01 22:09:18,"(417, 166, 555, 304)",Sad,0.3586
2025-11-01 22:09:18,"(420, 162, 567, 309)",Angry,0.6289
2025-11-01 22:09:18,"(414, 141, 585, 312)",Angry,0.7054
2025-11-01 22:09:18,"(419, 132, 598, 311)",Angry,0.493
2025-11-01 22:09:19,"(430, 140, 619, 329)",Disgust,0.574
2025-11-01 22:09:19,"(433, 139, 617, 323)",Neutral,0.3004
2025-11-01 22:09:19,"(435, 145, 622, 332)",Disgust,0.4045
2025-11-01 22:09:19,"(437, 147, 622, 332)",Angry,0.4284
2025-11-01 22:09:20,"(437, 141, 624, 328)",Angry,0.4736
2025-11-01 22:09:20,"(436, 140, 627, 331)",Disgust,0.396
2025-11-01 22:09:20,"(439, 141, 628, 330)",Angry,0.414
2025-11-01 22:09:20,"(445, 145, 628, 328)",Angry,0.548
2025-11-01 22:09:20,"(455, 145, 635, 325)",Sad,0.4723
2025-11-01 22:09:21,"(468, 145, 658, 334)",Angry,0.7789
2025-11-01 22:09:21,"(466, 143, 662, 339)",Sad,0.4367
2025-11-01 22:09:21,"(465, 143, 662, 340)",Sad,0.3889
2025-11-01 22:09:21,"(472, 146, 662, 336)",Sad,0.4585
2025-11-01 22:09:22,"(473, 143, 668, 338)",Sad,0.3886
2025-11-01 22:09:22,"(472, 145, 662, 335)",Sad,0.4151
2025-11-01 22:09:22,"(457, 140, 656, 339)",Angry,0.3422
2025-11-01 22:09:22,"(435, 143, 619, 327)",Angry,0.4394
2025-11-01 22:09:22,"(413, 143, 599, 329)",Disgust,0.3944
2025-11-01 22:09:23,"(383, 123, 579, 319)",Disgust,0.4585
2025-11-01 22:09:23,"(368, 114, 570, 316)",Angry,0.2305
2025-11-01 22:09:23,"(345, 101, 554, 310)",Fear,0.394
2025-11-01 22:09:23,"(341, 98, 547, 304)",Sad,0.2972
2025-11-01 22:09:24,"(353, 111, 550, 308)",Neutral,0.6546
2025-11-01 22:09:24,"(347, 114, 557, 324)",Neutral,0.465
2025-11-01 22:09:24,"(348, 114, 557, 323)",Sad,0.8612
2025-11-01 22:09:24,"(349, 116, 556, 323)",Sad,0.8202
2025-11-01 22:09:24,"(357, 115, 559, 316)",Neutral,0.565
2025-11-01 22:09:25,"(361, 115, 560, 314)",Neutral,0.5927
2025-11-01 22:09:25,"(360, 116, 556, 312)",Neutral,0.608
2025-11-01 22:09:25,"(359, 116, 557, 314)",Neutral,0.5447
2025-11-01 22:09:25,"(361, 112, 554, 305)",Neutral,0.5715
2025-11-01 22:09:26,"(361, 115, 560, 314)",Neutral,0.7123
2025-11-01 22:09:26,"(366, 117, 559, 310)",Neutral,0.661
2025-11-01 22:09:26,"(368, 118, 559, 309)",Fear,0.4895
2025-11-01 22:09:26,"(368, 119, 558, 309)",Sad,0.476
2025-11-01 22:09:26,"(371, 121, 556, 306)",Neutral,0.5533
2025-11-01 22:09:27,"(373, 118, 556, 301)",Sad,0.4832
2025-11-01 22:09:27,"(370, 119, 560, 309)",Sad,0.446
2025-11-01 22:09:27,"(370, 119, 560, 309)",Neutral,0.7137
2025-11-01 22:09:27,"(370, 119, 561, 310)",Neutral,0.6969
2025-11-01 22:09:28,"(370, 118, 561, 309)",Sad,0.3943
2025-11-01 22:09:28,"(369, 118, 561, 310)",Neutral,0.7324
2025-11-01 22:09:28,"(369, 119, 560, 310)",Neutral,0.6774
2025-11-01 22:09:28,"(371, 115, 560, 304)",Sad,0.4952
2025-11-01 22:09:28,"(370, 118, 563, 311)",Neutral,0.5751
2025-11-01 22:09:29,"(369, 117, 563, 311)",Neutral,0.7468
2025-11-01 22:09:29,"(375, 116, 561, 302)",Neutral,0.8153
2025-11-01 22:09:29,"(368, 116, 566, 314)",Sad,0.3167
2025-11-01 22:09:29,"(369, 116, 567, 314)",Neutral,0.7253
2025-11-01 22:09:30,"(370, 117, 565, 312)",Neutral,0.8076
2025-11-01 22:09:30,"(372, 117, 566, 311)",Neutral,0.6409
2025-11-01 22:09:30,"(370, 117, 566, 313)",Neutral,0.701
2025-11-01 22:09:30,"(372, 113, 565, 306)",Neutral,0.6855
2025-11-01 22:09:30,"(373, 114, 565, 306)",Neutral,0.6332
2025-11-01 22:09:31,"(373, 115, 564, 306)",Neutral,0.6432
2025-11-01 22:09:31,"(371, 117, 566, 312)",Neutral,0.6313
2025-11-01 22:09:31,"(370, 116, 567, 313)",Neutral,0.8275
2025-11-01 22:09:31,"(368, 114, 568, 314)",Neutral,0.8176
2025-11-01 22:09:32,"(370, 117, 564, 311)",Neutral,0.6948
2025-11-01 22:09:32,"(369, 118, 562, 311)",Neutral,0.8101
2025-11-01 22:09:32,"(369, 117, 562, 310)",Neutral,0.8919
2025-11-01 22:09:32,"(366, 116, 562, 312)",Neutral,0.8357
2025-11-01 22:09:32,"(369, 118, 562, 311)",Neutral,0.7974
2025-11-01 22:09:33,"(368, 117, 562, 311)",Neutral,0.773
2025-11-01 22:09:33,"(369, 117, 563, 311)",Neutral,0.6829
2025-11-01 22:09:33,"(369, 118, 562, 311)",Neutral,0.5584
2025-11-01 22:09:33,"(368, 116, 564, 312)",Neutral,0.7173
2025-11-01 22:09:34,"(370, 118, 563, 311)",Neutral,0.7794
2025-11-01 22:09:34,"(369, 118, 562, 311)",Neutral,0.7711
2025-11-01 22:09:34,"(369, 118, 562, 311)",Neutral,0.7069
2025-11-01 22:09:35,"(366, 119, 565, 318)",Neutral,0.6979
2025-11-01 22:09:35,"(367, 117, 562, 312)",Neutral,0.7192
2025-11-01 22:09:35,"(367, 117, 562, 312)",Neutral,0.7956
2025-11-01 22:09:35,"(371, 121, 557, 307)",Neutral,0.8252
2025-11-01 22:09:35,"(365, 116, 551, 302)",Fear,0.3853
2025-11-01 22:09:36,"(353, 120, 525, 292)",Sad,0.4609
2025-11-01 22:09:36,"(326, 120, 502, 296)",Sad,0.6614
2025-11-01 22:09:36,"(326, 124, 492, 290)",Sad,0.6647
2025-11-01 22:09:36,"(327, 123, 496, 292)",Neutral,0.6273
2025-11-01 22:09:37,"(330, 121, 501, 292)",Sad,0.7295
2025-11-01 22:09:37,"(330, 119, 506, 295)",Sad,0.6854
2025-11-01 22:09:37,"(333, 121, 507, 295)",Sad,0.4928
2025-11-01 22:09:37,"(335, 122, 508, 295)",Sad,0.4596
2025-11-01 22:09:37,"(334, 122, 507, 295)",Neutral,0.8097
2025-11-01 22:09:37,"(335, 123, 506, 294)",Neutral,0.6295
2025-11-01 22:09:38,"(330, 123, 500, 293)",Sad,0.4289
2025-11-01 22:09:38,"(328, 123, 497, 292)",Sad,0.453
2025-11-01 22:09:38,"(331, 125, 499, 293)",Neutral,0.4885
2025-11-01 22:09:38,"(332, 124, 500, 292)",Sad,0.6857
2025-11-01 22:09:38,"(332, 124, 500, 292)",Neutral,0.5785
2025-11-01 22:09:38,"(331, 124, 502, 295)",Neutral,0.6785
2025-11-01 22:09:39,"(330, 122, 505, 297)",Neutral,0.6571
2025-11-01 22:09:39,"(328, 122, 505, 299)",Neutral,0.5715
2025-11-01 22:09:39,"(329, 125, 510, 306)",Sad,0.4796
2025-11-01 22:09:39,"(330, 126, 511, 307)",Disgust,0.7993
2025-11-01 22:09:39,"(331, 125, 511, 305)",Disgust,0.7173
2025-11-01 22:09:39,"(329, 123, 514, 308)",Disgust,0.4635
2025-11-01 22:09:40,"(332, 122, 517, 307)",Disgust,0.4896
2025-11-01 22:09:40,"(332, 123, 517, 308)",Disgust,0.7198
2025-11-01 22:09:40,"(332, 122, 517, 307)",Disgust,0.5939
2025-11-01 22:09:40,"(333, 123, 517, 307)",Disgust,0.4809
2025-11-01 22:09:40,"(332, 123, 517, 307)",Disgust,0.5513
2025-11-01 22:09:40,"(331, 123, 515, 307)",Disgust,0.6796
2025-11-01 22:09:41,"(334, 125, 514, 305)",Angry,0.4988
2025-11-01 22:09:41,"(333, 124, 514, 305)",Sad,0.5021
2025-11-01 22:09:41,"(329, 122, 514, 307)",Sad,0.3808
2025-11-01 22:09:41,"(330, 122, 515, 307)",Angry,0.4794
2025-11-01 22:09:41,"(329, 116, 514, 301)",Sad,0.4898
2025-11-01 22:09:41,"(332, 122, 516, 306)",Neutral,0.3281
2025-11-01 22:09:42,"(332, 123, 514, 305)",Sad,0.4664
2025-11-01 22:09:42,"(330, 119, 513, 302)",Sad,0.4758
2025-11-01 22:09:42,"(332, 122, 516, 306)",Neutral,0.3846
2025-11-01 22:09:42,"(332, 119, 515, 302)",Sad,0.5605
2025-11-01 22:09:42,"(333, 119, 516, 302)",Angry,0.5456
2025-11-01 22:09:42,"(333, 119, 517, 303)",Angry,0.5063
2025-11-01 22:09:43,"(334, 120, 516, 302)",Angry,0.5655
2025-11-01 22:09:43,"(333, 118, 518, 303)",Angry,0.5137
2025-11-01 22:09:43,"(333, 119, 517, 303)",Angry,0.3974
2025-11-01 22:09:43,"(333, 123, 517, 307)",Angry,0.5551
2025-11-01 22:09:43,"(333, 124, 516, 306)",Sad,0.6596
2025-11-01 22:09:43,"(335, 125, 516, 306)",Sad,0.564
2025-11-01 22:09:44,"(334, 125, 516, 307)",Sad,0.481
2025-11-01 22:09:44,"(335, 125, 516, 306)",Angry,0.4522
2025-11-01 22:09:44,"(333, 124, 515, 306)",Angry,0.3729
2025-11-01 22:09:44,"(331, 124, 513, 306)",Sad,0.5111
2025-11-01 22:15:17,"(313, 131, 469, 287)",Angry,0.3421
2025-11-01 22:15:17,"(315, 132, 471, 288)",Sad,0.7227
2025-11-01 22:15:17,"(317, 131, 471, 285)",Sad,0.7133
2025-11-01 22:15:17,"(320, 131, 472, 283)",Sad,0.6724
2025-11-01 22:15:18,"(321, 133, 475, 287)",Sad,0.7776
2025-11-01 22:15:18,"(325, 135, 472, 282)",Sad,0.7883
2025-11-01 22:15:18,"(327, 132, 477, 282)",Sad,0.6702
2025-11-01 22:15:18,"(336, 129, 489, 282)",Sad,0.616
2025-11-01 22:15:18,"(342, 123, 508, 289)",Happy,0.6023
2025-11-01 22:15:18,"(344, 125, 505, 286)",Happy,0.6652
2025-11-01 22:15:19,"(341, 125, 502, 286)",Happy,0.7289
2025-11-01 22:15:19,"(341, 125, 503, 287)",Happy,0.6281
2025-11-01 22:15:19,"(340, 123, 506, 289)",Neutral,0.6404
2025-11-01 22:15:19,"(340, 124, 506, 290)",Neutral,0.6257
2025-11-01 22:15:19,"(340, 123, 504, 287)",Neutral,0.6849
2025-11-01 22:15:19,"(342, 124, 504, 286)",Neutral,0.8064
2025-11-01 22:15:20,"(342, 124, 504, 286)",Neutral,0.6395
2025-11-01 22:15:20,"(341, 123, 502, 284)",Neutral,0.5661
2025-11-01 22:15:20,"(339, 123, 501, 285)",Neutral,0.6512
2025-11-01 22:15:20,"(340, 123, 501, 284)",Neutral,0.6818
2025-11-01 22:15:20,"(336, 120, 501, 285)",Neutral,0.5411
2025-11-01 22:15:20,"(338, 122, 500, 284)",Disgust,0.5077
2025-11-01 22:15:21,"(338, 121, 500, 283)",Neutral,0.5776
2025-11-01 22:15:21,"(339, 123, 498, 281)",Neutral,0.5613
2025-11-01 22:15:21,"(335, 123, 500, 288)",Neutral,0.5636
2025-11-01 22:15:21,"(334, 123, 501, 290)",Neutral,0.6877
2025-11-01 22:15:21,"(334, 117, 505, 288)",Happy,0.6428
2025-11-01 22:15:21,"(332, 120, 503, 291)",Sad,0.3994
2025-11-01 22:15:22,"(329, 121, 502, 294)",Neutral,0.4922
2025-11-01 22:15:22,"(330, 121, 503, 294)",Neutral,0.4678
2025-11-01 22:15:22,"(332, 119, 502, 289)",Neutral,0.5017
2025-11-01 22:15:22,"(335, 120, 500, 285)",Neutral,0.4328
2025-11-01 22:15:22,"(337, 122, 498, 283)",Happy,0.728
2025-11-01 22:15:22,"(335, 119, 501, 285)",Happy,0.907
2025-11-01 22:15:23,"(336, 121, 500, 285)",Happy,0.9493
2025-11-01 22:15:23,"(334, 118, 503, 287)",Happy,0.8402
2025-11-01 22:15:23,"(336, 120, 502, 286)",Happy,0.6127
2025-11-01 22:15:23,"(335, 124, 502, 291)",Happy,0.4538
2025-11-01 22:15:23,"(336, 125, 502, 291)",Happy,0.6265
2025-11-01 22:15:23,"(338, 123, 501, 286)",Happy,0.657
2025-11-01 22:15:24,"(338, 122, 500, 284)",Neutral,0.5018
2025-11-01 22:15:24,"(337, 122, 501, 286)",Neutral,0.4884
2025-11-01 22:15:24,"(336, 122, 502, 288)",Neutral,0.5352
2025-11-01 22:15:24,"(337, 122, 502, 287)",Neutral,0.5364
2025-11-01 22:15:24,"(338, 126, 504, 292)",Neutral,0.5571
2025-11-01 22:15:24,"(336, 122, 502, 288)",Neutral,0.4683
2025-11-01 22:15:25,"(338, 125, 503, 290)",Neutral,0.4643
2025-11-01 22:15:25,"(339, 122, 501, 284)",Happy,0.5068
2025-11-01 22:15:25,"(339, 122, 501, 284)",Happy,0.5431
2025-11-01 22:15:25,"(336, 120, 504, 288)",Neutral,0.4048
2025-11-01 22:15:25,"(335, 122, 507, 294)",Neutral,0.4652
2025-11-01 22:15:26,"(336, 124, 507, 295)",Neutral,0.4268
2025-11-01 22:15:26,"(338, 124, 506, 292)",Happy,0.3492
2025-11-01 22:15:26,"(335, 122, 507, 293)",Happy,0.62
2025-11-01 22:15:26,"(332, 124, 500, 292)",Happy,0.8271
2025-11-01 22:15:27,"(329, 121, 506, 298)",Happy,0.7722
2025-11-01 22:15:27,"(331, 122, 504, 295)",Happy,0.5402
2025-11-01 22:15:27,"(336, 120, 503, 287)",Happy,0.616
2025-11-01 22:15:27,"(331, 122, 504, 296)",Happy,0.5368
2025-11-01 22:15:27,"(331, 122, 504, 295)",Happy,0.6937
2025-11-01 22:15:28,"(335, 120, 501, 286)",Happy,0.7038
2025-11-01 22:15:28,"(330, 122, 503, 295)",Happy,0.6476
2025-11-01 22:15:28,"(332, 122, 501, 291)",Happy,0.5377
2025-11-01 22:15:28,"(337, 121, 508, 292)",Happy,0.4637
2025-11-01 22:15:29,"(361, 123, 521, 283)",Happy,0.5198
2025-11-01 22:15:29,"(358, 123, 525, 290)",Neutral,0.4876
2025-11-01 22:15:29,"(356, 124, 523, 291)",Neutral,0.3141
2025-11-01 22:15:29,"(355, 125, 520, 290)",Neutral,0.3651
2025-11-01 22:15:29,"(354, 125, 517, 288)",Neutral,0.5625
2025-11-01 22:15:30,"(352, 125, 516, 289)",Neutral,0.7583
2025-11-01 22:15:30,"(351, 126, 515, 290)",Neutral,0.6933
2025-11-01 22:15:30,"(348, 124, 514, 290)",Neutral,0.5001
2025-11-01 22:15:30,"(345, 124, 513, 292)",Neutral,0.3787
2025-11-01 22:15:30,"(346, 125, 512, 291)",Sad,0.4031
2025-11-01 22:15:31,"(342, 123, 514, 295)",Sad,0.3323
2025-11-01 22:15:31,"(344, 124, 514, 294)",Sad,0.3303
2025-11-01 22:15:31,"(343, 125, 513, 295)",Sad,0.3621
2025-11-01 22:15:31,"(344, 125, 512, 293)",Sad,0.3735
2025-11-01 22:15:32,"(344, 124, 512, 292)",Sad,0.3677
2025-11-01 22:15:32,"(344, 126, 511, 293)",Sad,0.3126
2025-11-01 22:15:32,"(342, 126, 511, 295)",Sad,0.3075
2025-11-01 22:15:32,"(343, 126, 511, 294)",Sad,0.3074
2025-11-01 22:15:32,"(342, 125, 512, 295)",Sad,0.346
2025-11-01 22:15:33,"(343, 126, 510, 293)",Sad,0.3444
2025-11-01 22:15:33,"(341, 125, 512, 296)",Sad,0.3668
2025-11-01 22:15:33,"(343, 126, 511, 294)",Sad,0.375
2025-11-01 22:15:33,"(342, 125, 511, 294)",Neutral,0.3257
2025-11-01 22:15:34,"(344, 127, 510, 293)",Sad,0.3071
2025-11-01 22:15:34,"(342, 125, 509, 292)",Sad,0.3621
2025-11-01 22:15:34,"(342, 126, 508, 292)",Angry,0.3774
2025-11-01 22:15:34,"(343, 127, 509, 293)",Neutral,0.3493
2025-11-01 22:15:34,"(341, 129, 512, 300)",Neutral,0.3522
2025-11-01 22:15:35,"(341, 129, 510, 298)",Fear,0.3535
2025-11-01 22:15:35,"(343, 128, 507, 292)",Angry,0.574
2025-11-01 22:15:35,"(343, 127, 508, 292)",Angry,0.4214
2025-11-01 22:15:35,"(343, 126, 509, 292)",Angry,0.2623
2025-11-01 22:15:36,"(344, 128, 507, 291)",Neutral,0.3558
2025-11-01 22:15:36,"(343, 126, 508, 291)",Neutral,0.3947
2025-11-01 22:15:36,"(343, 128, 507, 292)",Neutral,0.4215
2025-11-01 22:15:36,"(343, 127, 508, 292)",Sad,0.3386
2025-11-01 22:15:36,"(343, 127, 507, 291)",Sad,0.4142
2025-11-01 22:15:37,"(343, 127, 507, 291)",Neutral,0.3815
2025-11-01 22:15:37,"(343, 127, 507, 291)",Sad,0.2873
2025-11-01 22:15:37,"(342, 127, 508, 293)",Sad,0.3595
2025-11-01 22:15:37,"(343, 127, 507, 291)",Sad,0.4044
2025-11-01 22:15:37,"(342, 127, 507, 292)",Neutral,0.3629
2025-11-01 22:15:38,"(343, 126, 509, 292)",Fear,0.3883
2025-11-01 22:15:38,"(344, 127, 507, 290)",Sad,0.4146
2025-11-01 22:15:38,"(342, 125, 510, 293)",Neutral,0.4843
2025-11-01 22:15:38,"(344, 127, 507, 290)",Sad,0.3634
2025-11-01 22:15:39,"(339, 127, 513, 301)",Sad,0.3308
2025-11-01 22:15:39,"(339, 124, 513, 298)",Angry,0.4116
2025-11-01 22:15:39,"(337, 126, 514, 303)",Fear,0.4569
2025-11-01 22:15:39,"(338, 126, 515, 303)",Angry,0.4164
2025-11-01 22:15:39,"(341, 124, 511, 294)",Sad,0.4178
2025-11-01 22:15:40,"(340, 124, 513, 297)",Sad,0.4433
2025-11-01 22:15:40,"(342, 124, 512, 294)",Sad,0.437
2025-11-01 22:15:40,"(341, 125, 512, 296)",Sad,0.3286
2025-11-01 22:15:40,"(341, 126, 511, 296)",Sad,0.3518
2025-11-01 22:15:41,"(342, 126, 512, 296)",Sad,0.4237
2025-11-01 22:15:41,"(340, 127, 513, 300)",Sad,0.4327
2025-11-01 22:15:41,"(342, 125, 511, 294)",Sad,0.3992
2025-11-01 22:15:41,"(343, 126, 509, 292)",Sad,0.3745
2025-11-01 22:15:41,"(342, 124, 510, 292)",Sad,0.5337
2025-11-01 22:15:42,"(339, 123, 504, 288)",Sad,0.4379
2025-11-01 22:15:42,"(339, 122, 506, 289)",Sad,0.5243
2025-11-01 22:15:42,"(340, 123, 505, 288)",Sad,0.4562
2025-11-01 22:15:42,"(343, 124, 506, 287)",Sad,0.4648
2025-11-01 22:15:43,"(343, 125, 510, 292)",Sad,0.4054
2025-11-01 22:15:43,"(339, 126, 516, 303)",Sad,0.3386
2025-11-01 22:15:43,"(340, 127, 514, 301)",Disgust,0.6449
2025-11-01 22:15:43,"(342, 128, 513, 299)",Angry,0.3397
2025-11-01 22:15:43,"(341, 127, 514, 300)",Angry,0.3253
2025-11-01 22:15:44,"(341, 127, 514, 300)",Angry,0.3453
2025-11-01 22:15:44,"(342, 128, 514, 300)",Angry,0.3348
2025-11-01 22:15:44,"(342, 127, 515, 300)",Angry,0.3231
2025-11-01 22:15:44,"(344, 129, 514, 299)",Angry,0.3735
2025-11-01 22:15:45,"(342, 128, 514, 300)",Sad,0.3715
2025-11-01 22:15:45,"(343, 130, 512, 299)",Sad,0.3662
2025-11-01 22:15:45,"(341, 128, 513, 300)",Sad,0.4093
2025-11-01 22:15:45,"(342, 129, 513, 299)",Angry,0.3217
2025-11-01 22:15:45,"(339, 127, 516, 304)",Sad,0.3892
2025-11-01 22:15:46,"(335, 127, 519, 311)",Angry,0.3268
2025-11-01 22:15:46,"(335, 127, 518, 310)",Neutral,0.6014
2025-11-01 22:15:46,"(337, 128, 518, 309)",Neutral,0.6325
2025-11-01 22:15:46,"(337, 128, 518, 309)",Neutral,0.5509
2025-11-01 22:15:47,"(339, 130, 516, 307)",Neutral,0.3847
2025-11-01 22:15:47,"(339, 126, 515, 302)",Neutral,0.3614
2025-11-01 22:15:47,"(339, 125, 517, 303)",Neutral,0.6578
2025-11-01 22:15:47,"(339, 127, 514, 302)",Neutral,0.7247
2025-11-01 22:15:47,"(340, 129, 512, 301)",Angry,0.5001
2025-11-01 22:15:48,"(339, 128, 514, 303)",Angry,0.5219
2025-11-01 22:15:48,"(339, 127, 514, 302)",Angry,0.5249
2025-11-01 22:15:48,"(340, 129, 513, 302)",Angry,0.5256
2025-11-01 22:15:48,"(339, 128, 512, 301)",Angry,0.5445
2025-11-01 22:15:48,"(338, 127, 514, 303)",Angry,0.5243
2025-11-01 22:15:48,"(340, 128, 513, 301)",Angry,0.4939
2025-11-01 22:15:49,"(340, 127, 514, 301)",Angry,0.5334
2025-11-01 22:15:49,"(340, 128, 513, 301)",Angry,0.4982
2025-11-01 22:15:49,"(340, 129, 513, 302)",Angry,0.5185
2025-11-01 22:15:49,"(341, 128, 514, 301)",Angry,0.5026
2025-11-01 22:15:49,"(342, 130, 511, 299)",Angry,0.477
2025-11-01 22:15:49,"(340, 129, 512, 301)",Angry,0.4718
2025-11-01 22:15:50,"(340, 129, 513, 302)",Angry,0.4996
2025-11-01 22:15:50,"(339, 128, 512, 301)",Angry,0.5069
2025-11-01 22:15:50,"(340, 129, 512, 301)",Angry,0.4993
2025-11-01 22:15:50,"(339, 128, 513, 302)",Disgust,0.3998
2025-11-01 22:15:50,"(340, 128, 514, 302)",Angry,0.3731
2025-11-01 22:15:50,"(341, 129, 513, 301)",Angry,0.3943
2025-11-01 22:15:51,"(342, 129, 515, 302)",Angry,0.3841
2025-11-01 22:15:51,"(341, 128, 516, 303)",Disgust,0.611
2025-11-01 22:15:51,"(340, 127, 515, 302)",Angry,0.4732
2025-11-01 22:15:51,"(339, 126, 516, 303)",Disgust,0.5507
2025-11-01 22:15:51,"(340, 126, 517, 303)",Disgust,0.5534
2025-11-01 22:15:51,"(340, 127, 517, 304)",Disgust,0.6294
2025-11-01 22:15:52,"(340, 128, 516, 304)",Disgust,0.4793
2025-11-01 22:15:52,"(340, 127, 516, 303)",Angry,0.4214
2025-11-01 22:15:52,"(339, 126, 516, 303)",Angry,0.3988
2025-11-01 22:15:52,"(340, 128, 514, 302)",Angry,0.3646
2025-11-01 22:15:52,"(339, 126, 517, 304)",Disgust,0.3868
2025-11-01 22:15:52,"(341, 130, 513, 302)",Angry,0.4436
2025-11-01 22:15:53,"(340, 128, 514, 302)",Angry,0.4425
2025-11-01 22:15:53,"(340, 127, 516, 303)",Angry,0.4839
2025-11-01 22:15:53,"(340, 127, 516, 303)",Angry,0.4823
2025-11-01 22:15:53,"(341, 128, 516, 303)",Angry,0.4899
2025-11-01 22:15:53,"(341, 127, 516, 302)",Angry,0.3842
2025-11-01 22:15:53,"(340, 127, 516, 303)",Disgust,0.3117
2025-11-01 22:15:54,"(341, 128, 516, 302)",Angry,0.3622
2025-11-01 22:15:54,"(342, 127, 516, 301)",Angry,0.327
2025-11-01 22:15:54,"(347, 131, 514, 298)",Angry,0.3087
2025-11-01 22:15:54,"(344, 129, 516, 301)",Neutral,0.5898
2025-11-01 22:15:54,"(350, 131, 521, 302)",Neutral,0.7044
2025-11-01 22:15:54,"(356, 131, 524, 300)",Neutral,0.8225
2025-11-01 22:15:55,"(356, 130, 527, 301)",Neutral,0.6443
2025-11-01 22:15:55,"(355, 130, 527, 302)",Neutral,0.6384
2025-11-01 22:15:55,"(355, 130, 526, 301)",Neutral,0.7298
2025-11-01 22:15:55,"(359, 131, 528, 300)",Neutral,0.7153
2025-11-01 22:15:55,"(362, 130, 532, 300)",Neutral,0.7398
2025-11-01 22:15:55,"(366, 129, 538, 301)",Neutral,0.8081
2025-11-01 22:15:56,"(367, 129, 539, 301)",Neutral,0.915
2025-11-01 22:15:56,"(363, 129, 535, 301)",Neutral,0.8976
2025-11-01 22:15:56,"(363, 129, 534, 300)",Neutral,0.8447
2025-11-01 22:15:56,"(366, 130, 536, 300)",Neutral,0.8636
2025-11-01 22:15:56,"(361, 128, 534, 301)",Neutral,0.8631
2025-11-01 22:15:56,"(362, 128, 536, 302)",Neutral,0.7469
2025-11-01 22:15:57,"(366, 129, 538, 301)",Neutral,0.8783
2025-11-01 22:15:57,"(370, 128, 542, 300)",Neutral,0.8149
2025-11-01 22:15:57,"(366, 125, 544, 303)",Neutral,0.6893
2025-11-01 22:15:57,"(367, 131, 534, 298)",Neutral,0.6482
2025-11-01 22:15:57,"(361, 129, 532, 300)",Neutral,0.85
2025-11-01 22:15:57,"(361, 128, 530, 297)",Neutral,0.8756
2025-11-01 22:15:58,"(365, 130, 532, 297)",Neutral,0.8436
2025-11-01 22:15:58,"(364, 130, 533, 299)",Neutral,0.7568
2025-11-01 22:15:58,"(363, 129, 533, 299)",Neutral,0.7363
2025-11-01 22:15:58,"(361, 129, 531, 299)",Neutral,0.8081
2025-11-01 22:15:58,"(356, 127, 531, 302)",Neutral,0.8385
2025-11-01 22:15:58,"(356, 127, 530, 301)",Neutral,0.8134
2025-11-01 22:15:59,"(361, 128, 529, 296)",Neutral,0.8577
2025-11-01 22:15:59,"(361, 127, 529, 295)",Neutral,0.8535
2025-11-01 22:15:59,"(359, 127, 527, 296)",Neutral,0.9038
2025-11-01 22:15:59,"(359, 126, 528, 295)",Neutral,0.8948
2025-11-01 22:15:59,"(361, 129, 533, 301)",Neutral,0.8074
2025-11-01 22:16:00,"(362, 129, 534, 301)",Neutral,0.582
2025-11-01 22:16:00,"(367, 130, 536, 299)",Sad,0.4936
2025-11-01 22:16:00,"(368, 125, 540, 297)",Sad,0.5952
2025-11-01 22:16:00,"(367, 128, 540, 301)",Neutral,0.5348
2025-11-01 22:16:00,"(365, 129, 538, 302)",Sad,0.6186
2025-11-01 22:16:00,"(368, 130, 536, 298)",Sad,0.5551
2025-11-01 22:16:01,"(367, 129, 539, 300)",Sad,0.6497
